case,P,NP,block,m,c1,c2,c2_over_c1,computable,columns,dropped
viscous,64,5,interior,2,,,,False,289,0
viscous,64,5,initial,,0.9984571168587099,1.0000427361802142,1.001588069527205,True,9,0
viscous,64,5,left,,0.38503807332888296,1.0065418328840297,2.614135854623096,True,9,1
viscous,64,5,right,,0.3850380733288828,1.0065418328840297,2.614135854623097,True,8,0
viscous,64,5,overall (m = 2),2,,,,False,,
viscous,64,10,interior,2,0.980614827366703,1.001408910847798,1.0212051489542886,True,289,0
viscous,64,10,initial,,0.9999999999999212,1.000000000000359,1.0000000000004379,True,9,0
viscous,64,10,left,,0.9360704555958458,1.0009818362701668,1.0693445459006634,True,9,1
viscous,64,10,right,,0.9360704555958457,1.000981836270167,1.0693445459006636,True,8,0
viscous,64,10,overall (m = 2),2,0.9360704555958457,1.001408910847798,1.0698007878160856,True,,
viscous,64,20,interior,2,0.9999999999999951,1.0000000000000038,1.0000000000000087,True,289,0
viscous,64,20,interior,3,0.976844500846269,1.001714146170212,1.0254591649974971,True,625,0
viscous,64,20,initial,,0.9999999999999325,1.0000000000003688,1.0000000000004363,True,9,0
viscous,64,20,left,,0.9844760809866274,1.0002444688952643,1.0160170350638016,True,9,1
viscous,64,20,right,,0.9844760809866278,1.000244468895264,1.0160170350638011,True,8,0
viscous,64,20,overall (m = 2),2,0.9844760809866274,1.0002444688952643,1.0160170350638016,True,,
viscous,256,5,interior,2,0.27415181575590475,1.00440768586637,3.6636915319964896,True,1089,0
viscous,256,5,initial,,0.9999999655456852,1.0000000429778282,1.0000000774321458,True,17,0
viscous,256,5,left,,0.9355776950493785,1.0002444688961343,1.0691196190214247,True,17,1
viscous,256,5,right,,0.9355776950493787,1.0002444688961343,1.0691196190214245,True,16,0
viscous,256,5,overall (m = 2),2,0.27415181575590475,1.00440768586637,3.6636915319964896,True,,
viscous,256,10,interior,2,0.9898430931037121,1.0008452634880265,1.011115065065329,True,1089,0
viscous,256,10,initial,,0.999999913046348,1.000000084831957,1.000000171785624,True,17,0
viscous,256,10,left,,0.9843072014113904,1.0000610556534344,1.0160050177621933,True,17,1
viscous,256,10,right,,0.9843072014113904,1.0000610556534344,1.0160050177621933,True,16,0
viscous,256,10,overall (m = 2),2,0.9843072014113904,1.0008452634880265,1.01680172821343,True,,
viscous,256,20,interior,2,0.999999999999974,1.0000000000000204,1.0000000000000464,True,1089,0
viscous,256,20,interior,3,0.9850126058052164,1.001215627400238,1.0164495575990888,True,2401,0
viscous,256,20,initial,,0.9999999398151114,1.0000000563394253,1.000000116524321,True,17,0
viscous,256,20,left,,0.9961010516257839,1.0000152600697916,1.0039295294765718,True,17,1
viscous,256,20,right,,0.9961010516257839,1.0000152600697938,1.003929529476574,True,16,0
viscous,256,20,overall (m = 2),2,0.9961010516257839,1.0000152600697938,1.003929529476574,True,,
viscous,576,5,interior,2,0.6463951180313211,1.0044778414485223,1.5539687931242239,True,2401,0
viscous,576,5,initial,,0.9999999999989623,1.000000000000049,1.000000000001087,True,25,1
viscous,576,5,left,,0.9718666797599316,1.0000482381060571,1.0289973500820986,True,25,1
viscous,576,5,right,,0.9718666797599315,1.0000482381060571,1.0289973500820988,True,24,0
viscous,576,5,overall (m = 2),2,0.6463951180313211,1.0044778414485223,1.5539687931242239,True,,
viscous,576,10,interior,2,0.9920013681379029,1.0006898736466505,1.008758562022003,True,2401,0
viscous,576,10,initial,,0.9999999999999222,1.0000000000175937,1.0000000000176716,True,25,1
viscous,576,10,left,,0.9930429098187671,1.0000120571267133,1.0070179719718437,True,25,1
viscous,576,10,right,,0.9930429098187671,1.0000120571267133,1.0070179719718437,True,24,0
viscous,576,10,overall (m = 2),2,0.9920013681379029,1.0006898736466505,1.008758562022003,True,,
viscous,576,20,interior,2,0.9999999999999841,1.0000000000000302,1.0000000000000462,True,2401,0
viscous,576,20,interior,3,0.9871560664558515,1.0010678132528292,1.0140927531823054,True,5329,0
viscous,576,20,initial,,0.9999999999978681,1.0000000000000595,1.0000000000021914,True,25,1
viscous,576,20,left,,0.9982653671692796,1.0000030141486298,1.0017406663964288,True,25,1
viscous,576,20,right,,0.9982653671692795,1.0000030141486296,1.0017406663964286,True,24,0
viscous,576,20,overall (m = 2),2,0.9982653671692795,1.0000030141486298,1.0017406663964288,True,,
viscous,1024,5,interior,2,0.7186194285411895,1.0044078976130257,1.3976909859673456,True,4225,0
viscous,1024,5,initial,,0.9999999999971483,1.0000000000000526,1.0000000000029043,True,33,1
viscous,1024,5,left,,0.9842650349802583,1.0000152600698355,1.0160020162556045,True,33,1
viscous,1024,5,right,,0.9842650349802576,1.0000152600698358,1.0160020162556054,True,32,0
viscous,1024,5,overall (m = 2),2,0.7186194285411895,1.0044078976130257,1.3976909859673456,True,,
viscous,1024,10,interior,2,0.9929423638962853,1.0006183000893771,1.0077304952152224,True,4225,0
viscous,1024,10,initial,,0.9999999999998682,1.0000000000395404,1.0000000000396723,True,33,1
viscous,1024,10,left,,0.9960898306606814,1.0000038147773544,1.0039293485348375,True,33,1
viscous,1024,10,right,,0.9960898306606815,1.0000038147773547,1.0039293485348377,True,32,0
viscous,1024,10,overall (m = 2),2,0.9929423638962853,1.0006183000893771,1.0077304952152224,True,,
viscous,1024,20,interior,2,0.9999999999998852,1.0000000000000973,1.000000000000212,True,4225,0
viscous,1024,20,interior,3,0.988134989577698,1.0009974620117195,1.0130169183053812,True,9409,0
viscous,1024,20,initial,,0.9999999999997745,1.0000000000860079,1.0000000000862335,True,33,1
viscous,1024,20,left,,0.9990239092535871,1.0000009537176724,1.0009779990799372,True,33,1
viscous,1024,20,right,,0.999023909253587,1.0000009537176724,1.0009779990799375,True,32,0
viscous,1024,20,overall (m = 2),2,0.999023909253587,1.0000009537176724,1.0009779990799375,True,,
gravity,64,5,interior,2,,,,False,289,0
gravity,64,5,initial,,0.9757624599804393,1.153819707058604,1.1824801161972702,True,9,0
gravity,64,5,left,,0.38503807332888307,1.00654183288403,2.614135854623096,True,9,1
gravity,64,5,right,,0.3850380733288833,1.0065418328840303,2.614135854623095,True,8,0
gravity,64,5,overall (m = 2),2,,,,False,,
gravity,64,10,interior,2,0.980614827366703,1.001408910847798,1.0212051489542886,True,289,0
gravity,64,10,initial,,0.9994479402903415,1.084615286428838,1.085214389569661,True,9,0
gravity,64,10,left,,0.9360704555958412,1.0009818362701681,1.06934454590067,True,9,1
gravity,64,10,right,,0.9360704555958411,1.000981836270168,1.0693445459006699,True,8,0
gravity,64,10,overall (m = 2),2,0.9360704555958411,1.084615286428838,1.1586897972743335,True,,
gravity,64,20,interior,2,0.9999999999999951,1.0000000000000038,1.0000000000000087,True,289,0
gravity,64,20,interior,3,0.976844500846269,1.001714146170212,1.0254591649974971,True,625,0
gravity,64,20,initial,,0.9999948156359743,1.0035208721547697,1.0035260747992507,True,9,0
gravity,64,20,left,,0.9844760809866278,1.000244468895264,1.0160170350638011,True,9,1
gravity,64,20,right,,0.9844760809866278,1.000244468895264,1.0160170350638011,True,8,0
gravity,64,20,overall (m = 2),2,0.9844760809866278,1.0035208721547697,1.0193451029801106,True,,
gravity,256,5,interior,2,0.27415181575590475,1.00440768586637,3.6636915319964896,True,1089,0
gravity,256,5,initial,,0.9999440699288346,1.0132640945358773,1.0133207696386366,True,17,0
gravity,256,5,left,,0.935577695049379,1.000244468896138,1.0691196190214283,True,17,1
gravity,256,5,right,,0.9355776950493788,1.000244468896138,1.0691196190214285,True,16,0
gravity,256,5,overall (m = 2),2,0.27415181575590475,1.0132640945358773,3.6959962922078637,True,,
gravity,256,10,interior,2,0.9898430931037121,1.0008452634880265,1.011115065065329,True,1089,0
gravity,256,10,initial,,0.9999999839499929,1.000006261622726,1.000006277672834,True,17,0
gravity,256,10,left,,0.9843072014113897,1.0000610556534382,1.0160050177621978,True,17,1
gravity,256,10,right,,0.9843072014113898,1.0000610556534386,1.016005017762198,True,16,0
gravity,256,10,overall (m = 2),2,0.9843072014113897,1.0008452634880265,1.0168017282134307,True,,
gravity,256,20,interior,2,0.999999999999974,1.0000000000000204,1.0000000000000464,True,1089,0
gravity,256,20,interior,3,0.9850126058052164,1.001215627400238,1.0164495575990888,True,2401,0
gravity,256,20,initial,,0.9999999999991543,1.000000000000019,1.0000000000008649,True,17,0
gravity,256,20,left,,0.9961010516257838,1.0000152600697927,1.003929529476573,True,17,1
gravity,256,20,right,,0.9961010516257838,1.0000152600697931,1.0039295294765735,True,16,0
gravity,256,20,overall (m = 2),2,0.9961010516257838,1.0000152600697931,1.0039295294765735,True,,
gravity,576,5,interior,2,0.6463951180313211,1.0044778414485223,1.5539687931242239,True,2401,0
gravity,576,5,initial,,0.9999999929291329,1.0000019522335324,1.0000019593044134,True,25,0
gravity,576,5,left,,0.9718666797599317,1.0000482381060658,1.0289973500821075,True,25,1
gravity,576,5,right,,0.9718666797599315,1.0000482381060662,1.0289973500821081,True,24,0
gravity,576,5,overall (m = 2),2,0.6463951180313211,1.0044778414485223,1.5539687931242239,True,,
gravity,576,10,interior,2,0.9920013681379029,1.0006898736466505,1.008758562022003,True,2401,0
gravity,576,10,initial,,0.9999999999999223,1.0000000000176037,1.0000000000176814,True,25,0
gravity,576,10,left,,0.9930429098187671,1.000012057126713,1.0070179719718435,True,25,1
gravity,576,10,right,,0.9930429098187669,1.0000120571267133,1.007017971971844,True,24,0
gravity,576,10,overall (m = 2),2,0.9920013681379029,1.0006898736466505,1.008758562022003,True,,
gravity,576,20,interior,2,0.9999999999999841,1.0000000000000302,1.0000000000000462,True,2401,0
gravity,576,20,interior,3,0.9871560664558515,1.0010678132528292,1.0140927531823054,True,5329,0
gravity,576,20,initial,,0.9999999999978609,1.0000000000000613,1.0000000000022005,True,25,0
gravity,576,20,left,,0.9982653671692797,1.0000030141486316,1.0017406663964303,True,25,1
gravity,576,20,right,,0.9982653671692802,1.0000030141486314,1.0017406663964297,True,24,0
gravity,576,20,overall (m = 2),2,0.9982653671692797,1.0000030141486316,1.0017406663964303,True,,
gravity,1024,5,interior,2,0.7186194285411895,1.0044078976130257,1.3976909859673456,True,4225,0
gravity,1024,5,initial,,0.9999999999964587,1.0000000000000528,1.0000000000035942,True,33,0
gravity,1024,5,left,,0.9842650349802583,1.0000152600698364,1.0160020162556054,True,33,1
gravity,1024,5,right,,0.9842650349802584,1.0000152600698362,1.0160020162556052,True,32,0
gravity,1024,5,overall (m = 2),2,0.7186194285411895,1.0044078976130257,1.3976909859673456,True,,
gravity,1024,10,interior,2,0.9929423638962853,1.0006183000893771,1.0077304952152224,True,4225,0
gravity,1024,10,initial,,0.999999999999869,1.0000000000398301,1.0000000000399611,True,33,0
gravity,1024,10,left,,0.9960898306606818,1.0000038147773556,1.0039293485348382,True,33,1
gravity,1024,10,right,,0.9960898306606818,1.0000038147773553,1.003929348534838,True,32,0
gravity,1024,10,overall (m = 2),2,0.9929423638962853,1.0006183000893771,1.0077304952152224,True,,
gravity,1024,20,interior,2,0.9999999999998852,1.0000000000000973,1.000000000000212,True,4225,0
gravity,1024,20,interior,3,0.988134989577698,1.0009974620117195,1.0130169183053812,True,9409,0
gravity,1024,20,initial,,0.999999999999773,1.000000000086678,1.0000000000869051,True,33,0
gravity,1024,20,left,,0.9990239092535866,1.000000953717695,1.0009779990799603,True,33,1
gravity,1024,20,right,,0.9990239092535872,1.000000953717695,1.0009779990799599,True,32,0
gravity,1024,20,overall (m = 2),2,0.9990239092535866,1.000000953717695,1.0009779990799603,True,,
