benchmark,P,device,target_mse,n_seeds,iterations_median,markers,time_s_median,final_loss_median,eps_ref_median,eps_ref_min,eps_ref_max,reasons,lbfgs_iterations_median,lbfgs_markers,lbfgs_time_s_median,lbfgs_final_loss_median,lbfgs_eps_ref_median,lbfgs_eps_ref_min,lbfgs_eps_ref_max,lbfgs_device
bl,64,cpu,0.085,3,19,,0.4310281630605459,0.07380512950310068,0.10052692970966458,0.08308172161832457,0.11639921727342202,target target target,185,,2.829293180257082,0.08299796973458583,0.04836669291927961,0.02629308247351867,0.050199164588172786,cuda (the tables' runs)
bl,256,cpu,0.015,3,26,,1.086814496666193,0.011682395955047118,0.013730086145736254,0.010821917762766834,0.02195571298500945,target target target,350,,5.448160359635949,0.014901056996017556,0.013627850060464203,0.010500864663480007,0.01982824824578767,cuda (the tables' runs)
bl,576,cpu,0.00075,3,44,,3.0264361668378115,0.0007046566196601059,0.0024417327555044774,0.0017961003711690216,0.0031652282217522754,target target target,2339,2/3,39.97502653300762,0.0007499732422514013,0.004828804271201188,0.004583245065079931,0.00808742311125769,cuda (the tables' runs)
bl,1024,cpu,7.5e-05,3,105,,14.089866252616048,7.432051036966341e-05,0.0009055381524942553,0.0007423722781559535,0.0010984871139917596,target target target,7436,2/3,125.74324057623744,7.499982608907757e-05,0.001034045790681921,0.0007805954231791604,0.0012304552410923346,cuda (the tables' runs)
bratu,25,cpu,0.25,3,28,2/3,0.38993658125400543,0.20579675734687894,1.0446690989203247,0.06568213395713635,1.4977836069049824,target iteration_cap target,232,,3.7636720295995474,0.2488252206743763,0.08486407561692574,0.06350783797533087,0.09596777542918158,cuda (the tables' runs)
bratu,100,cpu,0.0001,3,2000,*,44.619484789669514,0.00023416522276558825,0.0022810419394515657,0.0010343478149809824,0.01985910261836123,iteration_cap iteration_cap iteration_cap,7422,dagger,146.81531975790858,0.00263154393959026,0.007126499069533436,0.005210727055115589,0.00948072143776622,cuda (the tables' runs)
bratu,225,cpu,2.5e-07,3,2000,*,69.7303452193737,5.274484528752075e-06,0.00023502649173801602,0.0002067985978112738,0.0007648004639731811,iteration_cap iteration_cap iteration_cap,5484,dagger,99.83657704107463,0.0007575754955361236,0.003649272762551551,0.0010098772426845352,0.00484242687744788,cuda (the tables' runs)
burgers,25,cpu,0.06,3,51,,0.8111923728138208,0.05659488799062468,0.4482710801892367,0.23292603653944186,1.351316971199651,target target target,256,,3.8681934904307127,0.059804346223467766,0.1300288835429577,0.12795513122833818,0.18949521162322888,cuda (the tables' runs)
burgers,100,cpu,0.001,3,34,,0.7315313760191202,0.0009337006940150106,0.008023879190218606,0.005408721714937212,0.008406950362094417,target target target,1050,,17.429883133620024,0.0009979108193711372,0.0076258721037579,0.005477537659018974,0.00883526761212911,cuda (the tables' runs)
burgers,225,cpu,2e-05,3,65,,2.239872884005308,1.9658098619946953e-05,0.0007730175711484859,0.0006954750340803391,0.0010234326747210272,target target target,4329,dagger,89.70802094601095,3.138583315095235e-05,0.0009818846262070612,0.0007109848473371815,0.0010540606708663051,cuda (the tables' runs)
burgers,400,cpu,1e-07,3,413,2/3,21.552685288712382,9.970904245705956e-08,4.333551643366046e-05,3.675369192433663e-05,0.00016168722597113773,target iteration_cap target,4531,dagger,73.02090820204467,2.4449880526839382e-05,0.0007010995195620825,0.0006166315951974026,0.0007705449442889039,cuda (the tables' runs)
burgers,625,cpu,5e-09,3,846,,59.79873253032565,4.995081402575119e-09,1.6376078967219937e-05,9.265976211292033e-06,1.914693690422642e-05,target target target,4032,dagger,64.76442231796682,2.162632422580377e-05,0.0006367096469954848,0.0005300349643594928,0.000691908794896676,cuda (the tables' runs)
