iter,phase,t_cum_s,loss_total,loss_xmom,loss_ymom,loss_cont,loss_bc,w_xmom,w_ymom,w_cont,w_bc,lr_or_mu,grad_norm,eps_u,eps_v,eps_p,eps_p_meanfree
0,adam,1.147,2.696635344194179,2.0599662194706263,0.40756537773516094,0.22910374698839198,,1.0,1.0,1.0,,3e-07,9.26841167999262,0.13457007175187613,0.5516750729119655,1.1851268263640167,1.0098293832457133
100,adam,8.775,1.8496927806316996,1.5652325380637957,0.1476575452800441,0.13680269728785982,,1.0,1.0,1.0,,3.0299999999999998e-05,5.030430141338568,0.11438441901992415,0.40425606840850586,1.1711519674754367,0.9802256176370964
200,adam,16.150,1.0357574880760279,0.9315786314773484,0.04324678961681218,0.06093206698186726,,1.0,1.0,1.0,,6.0299999999999995e-05,1.6822395685127438,0.0762112194071421,0.30197002258430244,1.1592431589531471,0.9507056993412494
300,adam,23.527,0.6049827961519554,0.4837567142468779,0.03661775740450367,0.08460832450057379,,1.0,1.0,1.0,,9.029999999999999e-05,0.7764379836026802,0.0642865212067849,0.3774254068052842,1.1020848252484405,0.9038311732803569
400,adam,30.914,0.3108393838495268,0.197555772112111,0.03816253444885121,0.0751210772885646,,1.0,1.0,1.0,,0.0001203,0.5635086254035135,0.05307061645468062,0.3475513343670628,0.9034127210104503,0.7264922651807026
500,adam,38.299,0.11264258840614924,0.05514069249661499,0.02551422187405526,0.031987674035478995,,1.0,1.0,1.0,,0.0001503,0.3446128564195186,0.03465773968424077,0.20804629344538728,0.5199465981530985,0.36312219648532956
600,adam,45.675,0.03489996757047249,0.015784539975177314,0.009111602940464515,0.01000382465483066,,1.0,1.0,1.0,,0.00018029999999999996,0.11477850165558573,0.02163630585119085,0.0998581989873271,0.19427574994539437,0.1175044167422214
700,adam,53.045,0.016293134599797088,0.00724375197556117,0.004195459315845987,0.004853923308389932,,1.0,1.0,1.0,,0.00021029999999999996,0.050165152140918996,0.015583961744554321,0.05744969161086383,0.05692598931749106,0.058157280358697896
800,adam,60.424,0.00997861674558572,0.004255876088757734,0.002531441482345148,0.0031912991744828386,,1.0,1.0,1.0,,0.00024029999999999999,0.027974801185199422,0.012437749286835508,0.04129219883696627,0.10301582674129484,0.041885146968448285
900,adam,67.810,0.0069683879581004405,0.0028949021583264756,0.0017060833796103412,0.0023674024201636233,,1.0,1.0,1.0,,0.00027029999999999996,0.018530923267685764,0.010442513644926663,0.03395845898111314,0.16391078554314442,0.03530910224654295
1000,adam,75.191,0.0051481184174813135,0.0021076363173358407,0.0012062489502248615,0.0018342331499206109,,1.0,1.0,1.0,,0.0003,0.013601379673790123,0.008898559899690094,0.028740856311474425,0.2179744056366325,0.03105971110284111
1100,adam,82.561,0.003951208016895498,0.0015982810498844345,0.0008906235919663267,0.0014623033750447373,,1.0,1.0,1.0,,0.0003,0.010769028988324564,0.0076140212130508585,0.024513621824490992,0.2644805961463953,0.02767136785404572
1200,adam,89.939,0.0031247778011149812,0.0012489197329541013,0.0006867402602136639,0.0011891178079472158,,1.0,1.0,1.0,,0.0003,0.008626228213291962,0.006522255641587996,0.021098930587891338,0.30335885848250954,0.024745734962532503
1300,adam,97.329,0.002517322060736847,0.0009951867542638984,0.0005474708433167496,0.000974664463156199,,1.0,1.0,1.0,,0.0003,0.007140502736641936,0.005566649303340683,0.0183199425860819,0.3366945522127377,0.022077800274258277
1400,adam,104.717,0.002057738334148374,0.0008068756582191252,0.00044926130961243173,0.0008016013663168167,,1.0,1.0,1.0,,0.0003,0.006098261342278902,0.004728572712140926,0.016081082885326222,0.3659839724080189,0.019600080800809827
1500,adam,112.104,0.001705186019320275,0.000666639138035549,0.0003772416750452274,0.0006613052062394986,,1.0,1.0,1.0,,0.0003,0.021963671649529934,0.0040047503097133934,0.01430481213521223,0.39226180347626616,0.017324314908347297
1600,adam,119.499,0.0014355891828065357,0.0005595917097504805,0.00032775632816016756,0.0005482411448958876,,1.0,1.0,1.0,,0.0003,0.05705004161892523,0.0033938245457863355,0.012897246091135151,0.41621135379522856,0.01527411128757325
1700,adam,126.897,0.0012144133242945358,0.00047401418904668757,0.0002825161664842,0.0004578829687636482,,1.0,1.0,1.0,,0.0003,0.004147006216042205,0.00288895973829852,0.011756508729460562,0.4384279500245056,0.013444604413478074
1800,adam,134.287,0.0010437602662858795,0.00040848925044007455,0.0002492053784345955,0.00038606563741120953,,1.0,1.0,1.0,,0.0003,0.02114124731925236,0.0024812256375186113,0.010815743892391512,0.45927058366651036,0.011886036188304838
1900,adam,141.677,0.0009053463983715161,0.00035367805473200567,0.00022262098957639577,0.0003290473540631147,,1.0,1.0,1.0,,0.0003,0.015168062782317308,0.0021521086802410443,0.010012794606643978,0.47892576750130783,0.01054748170156173
2000,adam,149.068,0.0007974358247357981,0.000311800986144972,0.00020186470721041518,0.00028377013138041087,,1.0,1.0,1.0,,0.00027,0.04641795305019715,0.0018898758554198919,0.009314008448632762,0.49775678076614166,0.009442408021867925
2100,adam,156.455,0.0007088835499734034,0.0002749104724306742,0.00018352523028556574,0.00025044784725716346,,1.0,1.0,1.0,,0.00027,0.0021736850850594203,0.001693422076298905,0.008752349625824177,0.5139847351915954,0.008560015665520613
2200,adam,163.838,0.0006369055378012284,0.0002459610839733687,0.0001683954594354948,0.0002225489943923649,,1.0,1.0,1.0,,0.00027,0.0019445298890463803,0.001531071991093605,0.008240497981021173,0.5298069024466295,0.00781851278844947
2300,adam,171.217,0.0005811649975655476,0.00022290027138592317,0.00015887908361681975,0.0001993856425628047,,1.0,1.0,1.0,,0.00027,0.05518984933830527,0.001394035977308858,0.00777539897124018,0.545600726474726,0.007208680380373169
2400,adam,178.592,0.0006062152998697586,0.00023340952263743822,0.0001920150002632356,0.0001807907769690847,,1.0,1.0,1.0,,0.00027,0.20750475888102485,0.0012831018935959826,0.0073675188605366974,0.5603633803338938,0.007312134164722693
2500,adam,185.970,0.00047720162042332005,0.00018168975639125986,0.00013280272416057336,0.00016270913987148685,,1.0,1.0,1.0,,0.00027,0.0016505328701391512,0.0011841432314262004,0.0069691957747629015,0.5748562562768376,0.006173689199098324
2600,adam,193.348,0.0004378906293935538,0.00016588497380082664,0.00012381888465553452,0.00014818677093719263,,1.0,1.0,1.0,,0.00027,0.018838288799103552,0.0011009999141596686,0.00661542495215147,0.5890134746895237,0.005764235639720502
2700,adam,200.731,0.00040211110157213403,0.00015165051309580323,0.00011494499691487491,0.0001355155915614559,,1.0,1.0,1.0,,0.00027,0.0068162922297017444,0.0010301614777363255,0.00628953759840942,0.6026796142175748,0.005404798777274129
2800,adam,208.110,0.0003717058344699321,0.00014024593135150915,0.00010698394759701252,0.00012447595552141045,,1.0,1.0,1.0,,0.00027,0.017415485414498288,0.0009700333886851126,0.005989324487406033,0.6160133758970779,0.0050985164500360405
2900,adam,215.489,0.00036931608232451235,0.0001432198665531258,0.00011087749095933139,0.00011521872481205518,,1.0,1.0,1.0,,0.00027,0.12250756865794368,0.0009219582707470153,0.0057262972063894585,0.6288160993931543,0.005100988428017575
3000,adam,222.870,0.00032343382431992263,0.00012279365062159398,9.42427723174246e-05,0.00010639740138090404,,1.0,1.0,1.0,,0.00027,0.046530947787061586,0.0008718786607170712,0.005462929731722407,0.6413064009275242,0.004615294636972385
3100,adam,230.243,0.0004172024057492842,0.00016884344163790827,0.00014748648855648837,0.00010087247555488752,,1.0,1.0,1.0,,0.00027,0.2606074132901548,0.000843853054948535,0.005254534640578563,0.6534277332480096,0.005426994716504018
3200,adam,237.624,0.0003042032885279051,0.00012035797288638904,9.005752974053901e-05,9.378778590097706e-05,,1.0,1.0,1.0,,0.00027,0.10547672751675907,0.0007965594398944737,0.005035450886243024,0.665403648293042,0.004335092676717396
3300,adam,245.011,0.0002703013596922957,0.00010135283278209678,8.311517140649052e-05,8.583335550370841e-05,,1.0,1.0,1.0,,0.00027,0.07704986943357309,0.0007585195011296387,0.0048287343770700075,0.67669597404231,0.004140374332220297
3400,adam,252.401,0.0002504113912664913,9.392331993625948e-05,7.61918674808932e-05,8.029620384933859e-05,,1.0,1.0,1.0,,0.00027,0.06111547125136319,0.0007296539037511232,0.004639323426559882,0.6877067639292155,0.00390931119483712
3500,adam,260.046,0.0002546371442194175,0.0001012977578879295,7.606983287456506e-05,7.726955345692293e-05,,1.0,1.0,1.0,,0.00027,0.10291279828623531,0.0007090204098826944,0.004479291759316719,0.6986456371774069,0.0037973900554484105
3600,adam,267.439,0.00021674199140760727,7.96417283179375e-05,6.646459180432655e-05,7.063567128534321e-05,,1.0,1.0,1.0,,0.00027,0.020292913819046073,0.0006759900116519087,0.004314579742542954,0.7090357732957072,0.0035309496987312836
3700,adam,274.836,0.00021771369140246997,8.27547435441382e-05,6.807956975997525e-05,6.687937809835653e-05,,1.0,1.0,1.0,,0.00027,0.08933644344155316,0.0006593447487755778,0.004172616016715142,0.7190940853864625,0.003568834975657223
3800,adam,282.231,0.0001982418233213836,7.335161390424669e-05,6.181037505133532e-05,6.307983436580158e-05,,1.0,1.0,1.0,,0.00027,0.049799150081245455,0.0006354930159206748,0.004043033242290746,0.7291521047851225,0.003354857108300719
3900,adam,289.622,0.0003123092792159419,0.00015808074088301247,8.239747314812103e-05,7.18310651848084e-05,,1.0,1.0,1.0,,0.00027,0.2255454340016855,0.0006901772347783307,0.003947187298434646,0.738911538016651,0.004065964576926692
4000,adam,297.012,0.0003147097528591312,0.00013280975563833585,0.000122337121612818,5.9562875607977376e-05,,1.0,1.0,1.0,,0.000243,0.28302729052055176,0.0006169353772283383,0.0038496516359137235,0.7486840353528011,0.004168130874633043
4100,adam,307.217,0.00016562084213676045,6.0405231670554257e-05,5.161161432441566e-05,5.3603996141790537e-05,,1.0,1.0,1.0,,0.000243,0.0012093481813044032,0.0005831354746349761,0.003710085257411328,0.7565635770615324,0.002961261797505289
4200,adam,314.590,0.00015819301455944574,5.7616437756112025e-05,4.949246244919876e-05,5.108411435413496e-05,,1.0,1.0,1.0,,0.000243,0.0005156819563264803,0.0005684487671079802,0.003618229673546078,0.7641441032310732,0.0028770968653787777
4300,adam,321.954,0.00015104622733772363,5.49322673072305e-05,4.7450359076042386e-05,4.8663600954450744e-05,,1.0,1.0,1.0,,0.000243,0.0004942714417664494,0.0005544849825799171,0.003530647403843105,0.7717729096690636,0.0027966765930726193
4400,adam,329.327,0.00014554150560901284,5.305423818824986e-05,4.5941693220433055e-05,4.654557420032991e-05,,1.0,1.0,1.0,,0.000243,0.02208251206184058,0.0005434778560183426,0.0034514936629418264,0.7802216135502236,0.0027793146602942648
4500,adam,336.704,0.0001464312421264986,5.4755541063189424e-05,4.697630030502271e-05,4.469940075828647e-05,,1.0,1.0,1.0,,0.000243,0.0663728256274393,0.0005332668124412682,0.0033832048413173785,0.7875402147295527,0.0027181516354806926
4600,adam,344.082,0.00013260491428748018,4.807198421287139e-05,4.2023142649206745e-05,4.2509787425402025e-05,,1.0,1.0,1.0,,0.000243,0.002544589226860074,0.0005188038796260816,0.003305523399703926,0.7955705578248371,0.002602215969886237
4700,adam,351.460,0.00012815086570445257,4.629498624793309e-05,4.1159837765430396e-05,4.0696041691089076e-05,,1.0,1.0,1.0,,0.000243,0.022506746545894424,0.0005077143627674277,0.0032376472169795604,0.8028494507783331,0.0025301754668840305
4800,adam,358.835,0.00012244502417612925,4.4289076164548405e-05,3.915582059300024e-05,3.900012741858061e-05,,1.0,1.0,1.0,,0.000243,0.01483230950787784,0.0004970606602906053,0.00317325563148816,0.8101296911895173,0.0024756685551407687
4900,adam,366.210,0.00015067848163725645,6.345790160335224e-05,4.694960891239296e-05,4.027097112151125e-05,,1.0,1.0,1.0,,0.000243,0.11845157512074446,0.0005140808537943205,0.0031376350672313847,0.8177296521855094,0.0027821432060686157
5000,adam,373.573,0.00011477906499754635,4.144837288482019e-05,3.7396511274947285e-05,3.5934180837778866e-05,,1.0,1.0,1.0,,0.000243,0.033030410931845465,0.0004790589490347007,0.0030611618661703643,0.8247216405292314,0.0024475338435969237
5100,adam,380.936,0.00011935518629112491,4.2938508233437995e-05,4.166960891926153e-05,3.47470691384254e-05,,1.0,1.0,1.0,,0.000243,0.07703210751937906,0.00046863601065307757,0.00301523943575556,0.8318919098839594,0.0025230174437965718
5200,adam,388.316,0.00016130956336527356,7.17550438976381e-05,5.36612036599225e-05,3.5893315807712965e-05,,1.0,1.0,1.0,,0.000243,0.16941234569558633,0.00048500680556332515,0.0030135693705230864,0.8389716415598083,0.0028419935353490144
5300,adam,395.708,0.00016925043861387972,7.200713124959129e-05,6.0311134440576116e-05,3.6932172923712314e-05,,1.0,1.0,1.0,,0.000243,0.17225387555416308,0.0004960153946195492,0.0029644112942871217,0.8459283543828465,0.003159588265277423
5400,adam,403.079,0.00010176618286050608,3.6531689669324396e-05,3.4358724452836905e-05,3.087576873834478e-05,,1.0,1.0,1.0,,0.000243,0.04783948201022284,0.0004423716042544506,0.002856689997768291,0.8526793469000757,0.002359066272660433
5500,adam,410.457,9.629381446429103e-05,3.5469215050613976e-05,3.0964421672188734e-05,2.9860177741488322e-05,,1.0,1.0,1.0,,0.000243,0.03200275052831129,0.0004359021876082432,0.0028187683089197944,0.8590797042330931,0.0021891399989432373
5600,adam,417.833,9.75972241064601e-05,3.544133999498018e-05,3.346144979849943e-05,2.8694434312980484e-05,,1.0,1.0,1.0,,0.000243,0.06272606129874059,0.0004258791624866874,0.002774521828847979,0.865629097657968,0.002330698963500741
5700,adam,425.217,8.99720928625984e-05,3.279734704009171e-05,2.942879080936427e-05,2.774595501314243e-05,,1.0,1.0,1.0,,0.000243,0.03328682497943772,0.0004210510195668067,0.002719995042549591,0.8718446268756213,0.0020897986809545795
5800,adam,432.599,0.00013684237379571357,6.159601635048612e-05,4.486576179244353e-05,3.038059565278392e-05,,1.0,1.0,1.0,,0.000243,0.1559469144522639,0.0004493858267039921,0.002822307019899631,0.8780029369669134,0.0024768200118431886
5900,adam,439.971,8.341349831023517e-05,3.01988599303074e-05,2.741703354769249e-05,2.5797604832235278e-05,,1.0,1.0,1.0,,0.000243,0.02665959568504792,0.0004064507514850582,0.002655527474072261,0.8842162867318014,0.002010410960255294
6000,adam,447.346,7.954256273031234e-05,2.8606492272099152e-05,2.6038570357604923e-05,2.4897500100608266e-05,,1.0,1.0,1.0,,0.0002187,0.012342453645380178,0.00039753481651812504,0.0026167500614205173,0.8902994450639018,0.0020039906641830607
6100,adam,454.724,7.690544160330763e-05,2.751462594979965e-05,2.527302655281624e-05,2.411778910069173e-05,,1.0,1.0,1.0,,0.0002187,0.00027608246440019986,0.0003900941817681304,0.002586554261254704,0.8947849623941322,0.001958571049377768
6200,adam,462.104,7.467318086564213e-05,2.6691791468483372e-05,2.4599574994392305e-05,2.3381814402766452e-05,,1.0,1.0,1.0,,0.0002187,0.00026439635820175224,0.00038372178000208214,0.0025548639186806304,0.8993390716231252,0.0019280350398470827
6300,adam,469.484,0.00011239211919221529,4.798350943789684e-05,3.861769542362466e-05,2.5790914330693798e-05,,1.0,1.0,1.0,,0.0002187,0.12481751464396038,0.0004090605618505679,0.0025102678006586345,0.9051791129858939,0.002424454160463029
6400,adam,476.859,7.448155390802509e-05,2.6841013322091978e-05,2.5467786480039933e-05,2.217275410589318e-05,,1.0,1.0,1.0,,0.0002187,0.045014979838694624,0.0003735593845497477,0.0024880418739237986,0.9102245313404176,0.001902005775637767
6500,adam,484.239,6.859915363508528e-05,2.4500061084717985e-05,2.2719189481604595e-05,2.1379903068762697e-05,,1.0,1.0,1.0,,0.0002187,0.00679389165455432,0.00036713368036138074,0.002475903923325571,0.9154300882015919,0.0018566849336600448
6600,adam,491.615,0.0001280963339894514,3.491172907247652e-05,7.128794010649433e-05,2.1896664810480543e-05,,1.0,1.0,1.0,,0.0002187,0.17305762421247994,0.0003655596490097367,0.0025080236646506378,0.9200879077363859,0.003312233984218962
6700,adam,498.995,6.576703484664432e-05,2.362560564460118e-05,2.1907764068167496e-05,2.023366513387565e-05,,1.0,1.0,1.0,,0.0002187,0.020474888230534914,0.00035881260103291633,0.002433786315316279,0.9251810586621027,0.0018036808854519591
6800,adam,506.366,8.658285383465273e-05,3.210258524842899e-05,3.3932040078182716e-05,2.0548228508041028e-05,,1.0,1.0,1.0,,0.0002187,0.10675371447274994,0.0003611205465930723,0.002484569371485147,0.9297116702895893,0.002053838485216907
6900,adam,513.757,7.140670982769711e-05,2.7167945521083544e-05,2.4515858258949687e-05,1.972290604766388e-05,,1.0,1.0,1.0,,0.0002187,0.06874686915665298,0.0003525028679239191,0.0024076043684036924,0.9349042197618229,0.0018563157279956628
7000,adam,521.140,6.210111521072214e-05,2.234384984464809e-05,2.1006252658498244e-05,1.875101270757581e-05,,1.0,1.0,1.0,,0.0002187,0.029617353142296066,0.0003465534153004391,0.0023565539205037,0.9396708424053547,0.001726336068613263
7100,adam,528.514,6.695737678799202e-05,2.5932926433654653e-05,2.218379106877984e-05,1.8840659285557526e-05,,1.0,1.0,1.0,,0.0002187,0.059243167743497124,0.00034714478995063005,0.002403826301710857,0.9446274892047117,0.001838188446779437
7200,adam,535.892,6.25463396654156e-05,2.4029414841609733e-05,2.0479601928046457e-05,1.803732289575941e-05,,1.0,1.0,1.0,,0.0002187,0.050216271793397035,0.0003389004947609706,0.0023078495250771257,0.9490208419642264,0.0017404143551281162
7300,adam,543.266,0.0001503022534817515,6.660870296758219e-05,6.08179817487287e-05,2.2875568765440626e-05,,1.0,1.0,1.0,,0.0002187,0.20825435470229559,0.0003779587891955291,0.0028475393871421153,0.9537930296909339,0.002888296583547022
7400,adam,550.638,0.00014513648158747007,7.157843478846874e-05,5.0068835075359024e-05,2.3489211723642323e-05,,1.0,1.0,1.0,,0.0002187,0.20286228770092574,0.00038918931076872566,0.0026799726032229513,0.9586869129081989,0.0027787832243736156
7500,adam,558.002,5.6971900841676225e-05,2.0848801395552496e-05,1.9490606070815165e-05,1.6632493375308564e-05,,1.0,1.0,1.0,,0.0002187,0.03964023249145754,0.0003284167415859538,0.002342220770857385,0.9628524315803443,0.0016932914546349002
7600,adam,565.528,0.0001410296343670931,6.328775669124298e-05,5.468853218777954e-05,2.3053345488070567e-05,,1.0,1.0,1.0,,0.0002187,0.19761661815621354,0.00039671438793187255,0.0027942005960739998,0.9672468925167539,0.0027985157843416863
7700,adam,572.896,0.00018805193100393863,7.658383082537246e-05,8.83300646660552e-05,2.3138035512510966e-05,,1.0,1.0,1.0,,0.0002187,0.25920915668548217,0.00038663807452500105,0.003003773481708744,0.9713851722333369,0.0034505458129241466
7800,adam,580.268,5.6889300432459e-05,1.9407957523969255e-05,2.211064725642762e-05,1.5370695652062122e-05,,1.0,1.0,1.0,,0.0002187,0.05947703356597581,0.0003027452850191322,0.0022003216989509257,0.9755776595493997,0.0018907863603072484
7900,adam,587.636,4.9355038269387074e-05,1.779365529536781e-05,1.67023192968796e-05,1.4859063677139663e-05,,1.0,1.0,1.0,,0.0002187,0.0233991587116763,0.00030786187798901904,0.002216925616107544,0.9799928225821197,0.0015838324076827028
8000,adam,595.010,0.00010036254448714149,3.9634181134680335e-05,4.4052092439439584e-05,1.667627091302157e-05,,1.0,1.0,1.0,,0.00019683,0.1642680935041826,0.00033062779479524655,0.0025479349556561267,0.9839118627061769,0.0024670411646085418
