benchmark,P,NP,NP_actual,N,k_rule,eps_ref_rule,eps_ref_60,delta_P,ratio_rule,ratio_60,loss_60,k_target,target_mse,eps_ref_target,ratio_target,rho_r_final,rho_r_max
bratu,25,5,5.64,141,5,0.10420746676631785,0.104030559795373,0.0014963465039307985,69.64126724162622,69.52304130232665,0.022668145032623425,2,0.25,0.0789548809962209,52.765105400929464,1.0022098923699427,1.0080640140683073
bratu,25,10,10.6,265,5,0.10740467376035644,0.10724613630564983,0.0014963465039307985,71.77794279480842,71.67199310047617,0.02156759555592831,2,0.25,0.08294736982002723,55.43326335319409,1.000000000000017,1.0000000000000193
bratu,25,20,20.68,517,5,0.10740470013926287,0.10724616229709584,0.0014963465039307985,71.77796042368406,71.67201047041418,0.021567598938335986,2,0.25,0.08294737627196591,55.43326766498863,1.0000000000000002,1.0000000000000004
bratu,100,5,5.17,517,5,0.0006545257207514795,0.0006545257201248277,4.054667950602719e-05,16.142523351491345,16.142523336036273,1.4659138961411674e-05,3,0.0001,0.0006734153127225329,16.608396074022064,1.0000000000000027,1.0000000000000169
bratu,100,10,10.52,1052,5,0.0006545257192246422,0.000654525718598025,4.054667950602719e-05,16.14252331383506,16.142523298380844,1.4659125383106538e-05,3,0.0001,0.0006734152883185784,16.608395472148995,1.0000000000000062,1.0000000000000142
bratu,100,20,20.64,2064,5,0.0006545257192245338,0.0006545257185979488,4.054667950602719e-05,16.142523313832385,16.142523298378965,1.4659125382961995e-05,3,0.0001,0.0006734152883182332,16.60839547214048,0.9999999999999982,1.0000000000000118
bratu,225,5,5.035555555555556,1133,5,3.586062935011812e-05,3.586062935086592e-05,2.388610435323965e-06,15.013176204789701,15.013176205102772,8.91022934553701e-08,4,2.5e-07,3.586061975372832e-05,15.013172187228003,1.0000000000000628,1.0000000000001925
bratu,225,10,10.115555555555556,2276,5,3.586062915118398e-05,3.5860629151936805e-05,2.388610435323965e-06,15.01317612150524,15.013176121820411,8.910229210662377e-08,4,2.5e-07,3.5860619554679e-05,15.013172103895318,1.000000000000024,1.0000000000002793
bratu,225,20,20.08888888888889,4520,5,3.586062915116713e-05,3.5860629151935904e-05,2.388610435323965e-06,15.013176121498184,15.013176121820033,8.910229210656645e-08,4,2.5e-07,3.586061955467581e-05,15.013172103893982,1.0000000000000189,1.000000000000234
burgers,25,5,5.44,136,5,0.41718209096467157,0.417436410788775,0.26773064698968085,1.5582156755507748,1.5591655848232582,0.27204517101091297,,0.06,,,1.000893128892249,1.000931480815359
burgers,25,10,10.08,252,5,0.4196312811011571,0.4198763917756062,0.26773064698968085,1.5673636388639922,1.5682791510670406,0.28104275535705847,,0.06,,,1.000043202289848,1.0000450448639397
burgers,25,20,21.4,535,5,0.420077321554791,0.4203210842294065,0.26773064698968085,1.5690296433302313,1.569940120622825,0.2814579132291741,,0.06,,,1.000003415778569,1.0000035603491102
burgers,100,5,5.35,535,5,0.09630381355876101,0.0962912720370403,0.026060617458673642,3.695377276132367,3.6948960319047273,0.03553715812290229,,0.001,,,1.0000000325929446,1.0000013328211221
burgers,100,10,10.0,1000,5,0.09630673070798615,0.09629419656232821,0.026060617458673642,3.695489213204839,3.6950082520120424,0.035538261982196756,,0.001,,,1.0000000011382326,1.000000087766787
burgers,100,20,20.49,2049,5,0.09630693075886683,0.09629439717185705,0.026060617458673642,3.6954968895724845,3.6950159498161774,0.03553827302878931,,0.001,,,1.000000000070106,1.0000000054137383
burgers,225,5,5.062222222222222,1139,5,0.03180079756843543,0.03178597579216971,0.006302225921308933,5.045962801954044,5.04361097000597,0.008631500209529555,,2e-05,,,1.0000000028632876,1.0000002589459807
burgers,225,10,10.008888888888889,2252,5,0.03180056135786573,0.03178573988600056,0.006302225921308933,5.045925321455463,5.0435735378078705,0.00863146022388324,,2e-05,,,1.0000000001878924,1.0000000168366328
burgers,225,20,20.20888888888889,4547,5,0.03180053528369271,0.03178571382295086,0.006302225921308933,5.045921184159634,5.043569402277024,0.00863146097079713,,2e-05,,,1.0000000000121032,1.0000000008514902
burgers,400,5,5.1225,2049,5,0.0034452867182244275,0.0034452994044235842,0.0007821683812275861,4.4047890465952735,4.40480526586399,0.000621961029611956,,1e-07,,,1.0000000000090816,1.0000149199876371
burgers,400,10,10.0,4000,5,0.003445251992978081,0.003445264678862204,0.0007821683812275861,4.404744650468839,4.404760869334785,0.0006219543386035838,,1e-07,,,1.0000000000003493,1.0002478165834268
burgers,400,20,20.0625,8025,5,0.0034452517673150915,0.0034452644531911764,0.0007821683812275861,4.404744361959363,4.404760580815033,0.0006219543368904632,,1e-07,,,1.0000000000000224,1.0000430678611498
burgers,625,5,5.1696,3231,5,0.0005979516729740822,0.000597952742019069,0.00019687902517586257,3.0371527512387906,3.037158181197548,8.305237479945466e-05,,5e-09,,,1.000000000000245,1.0613320709597813
burgers,625,10,10.0032,6252,5,0.0005979519686700151,0.0005979530377171197,0.00019687902517586257,3.037154253155679,3.0371596831251932,8.305243581716689e-05,,5e-09,,,1.0000000000000144,1.0000000000000167
burgers,625,20,20.32,12700,5,0.0005979519565934818,0.0005979530256403816,0.00019687902517586257,3.0371541918158123,3.0371596217842853,8.305243579690677e-05,,5e-09,,,1.000000000000002,1.000000000000003
