basis_key,basis_label,P,K_max,final_R_h_squared,eps_u,first_stall_iteration,kappa,kappa_method,kappa_raw,kappa_retained,num_rank_svd,num_rank_gelsy,num_rank_qr
cheb_cheb,Cheb x Cheb,625,50,7.822267135818268e-05,9.01467983384804e-05,3,2451.108963629629,svd,2451.108963629629,2451.108963629629,625,625,
sin_cheb,Sin x Cheb,625,50,4.908480300797699e-09,4.995550894893057e-09,4,341.1447090948104,svd,341.1447090948104,341.1447090948104,625,625,
sin_sin,Sin x Sin,625,50,4.984025559105431,0.0,1,54.684532453457784,svd,54.684532453457784,54.684532453457784,625,625,
cos_cheb,Cos x Cheb,625,50,0.1714690944372576,0.12500378603413173,2,338.06133599672756,svd,338.06133599672756,338.06133599672756,625,625,
augsin_cheb,AugSin x Cheb,625,50,3.141902127846467e-08,3.1951622760642355e-08,4,521.7470249352883,svd,521.7470249352883,521.7470249352883,625,625,
fourier_cheb,Fourier x Cheb,625,50,1.2743398056354825e-05,1.3390913744789084e-05,3,4326450585.959348,svd,4326450585.959348,4326450585.959348,625,625,
fourier_fourier,Fourier x Fourier,625,50,1.274350965347311e-05,1.3390902834634992e-05,3,2.2005894675923916e+16,svd,2.2005894675923916e+16,595223007676.9651,610,624,
elm,ELM,625,50,0.049436790044164694,0.04431229161102964,2,1.2502445404820014e+18,svd,1.2502445404820014e+18,717624460121.3315,43,71,
elm_default,ELM (default init),625,50,0.0004433679687765842,0.0004417915229450457,3,7.320537083094438e+17,svd,7.320537083094438e+17,662018667231.7671,176,288,
sin_fourier,"Sin x {Cos,Sin}",625,50,4.908537945925322e-09,4.995636400554544e-09,4,963021567.9978925,svd,963021567.9978925,963021567.9978925,625,625,
