benchmark,P,distribution,quantity,ratio_actual,median,min,max
bratu,100,paper,final_norm_Rlin_h,1.16,3.3442097660748055e-05,3.3442097660748055e-05,3.3442097660748055e-05
bratu,100,paper,final_norm_Rlin_h,1.45,0.0005185285350944834,0.0005185285350944834,0.0005185285350944834
bratu,100,paper,final_norm_Rlin_h,2.01,0.001284841353328699,0.001284841353328699,0.001284841353328699
bratu,100,paper,final_norm_Rlin_h,3.0,0.0022760567313125767,0.0022760567313125767,0.0022760567313125767
bratu,100,paper,final_norm_Rlin_h,5.13,0.0038806668847015877,0.0038806668847015877,0.0038806668847015877
bratu,100,paper,final_norm_Rlin_h,9.93,0.0043371243965796375,0.0043371243965796375,0.0043371243965796375
bratu,100,paper,final_norm_Rlin_h,19.81,0.006906024473907413,0.006906024473907413,0.006906024473907413
bratu,100,paper,kappa,1.16,482304362.7541959,482304362.7541959,482304362.7541959
bratu,100,paper,kappa,1.45,90255532.29651406,90255532.29651406,90255532.29651406
bratu,100,paper,kappa,2.01,41122550.479631685,41122550.479631685,41122550.479631685
bratu,100,paper,kappa,3.0,5764510.945294868,5764510.945294868,5764510.945294868
bratu,100,paper,kappa,5.13,2352506.903697644,2352506.903697644,2352506.903697644
bratu,100,paper,kappa,9.93,2005283.6242054892,2005283.6242054892,2005283.6242054892
bratu,100,paper,kappa,19.81,1342740.9928984449,1342740.9928984449,1342740.9928984449
bratu,100,cgl,final_norm_Rlin_h,1.16,9.360780167817898e-15,9.360780167817898e-15,9.360780167817898e-15
bratu,100,cgl,final_norm_Rlin_h,1.45,0.012415810289223433,0.012415810289223433,0.012415810289223433
bratu,100,cgl,final_norm_Rlin_h,2.01,0.01147030490741257,0.01147030490741257,0.01147030490741257
bratu,100,cgl,final_norm_Rlin_h,3.0,0.01125046592701189,0.01125046592701189,0.01125046592701189
bratu,100,cgl,final_norm_Rlin_h,5.13,0.011235006060074977,0.011235006060074977,0.011235006060074977
bratu,100,cgl,final_norm_Rlin_h,9.93,0.011201155055826285,0.011201155055826285,0.011201155055826285
bratu,100,cgl,final_norm_Rlin_h,19.81,0.011169880551218814,0.011169880551218814,0.011169880551218814
bratu,100,cgl,kappa,1.16,5.639572318932788e+16,5.639572318932788e+16,5.639572318932788e+16
bratu,100,cgl,kappa,1.45,471334.3355334277,471334.3355334277,471334.3355334277
bratu,100,cgl,kappa,2.01,561122.5684572781,561122.5684572781,561122.5684572781
bratu,100,cgl,kappa,3.0,596938.6690701857,596938.6690701857,596938.6690701857
bratu,100,cgl,kappa,5.13,606046.942053612,606046.942053612,606046.942053612
bratu,100,cgl,kappa,9.93,614899.956682878,614899.956682878,614899.956682878
bratu,100,cgl,kappa,19.81,622993.3639751271,622993.3639751271,622993.3639751271
bratu,100,random,final_norm_Rlin_h,1.16,0.0006265548282969542,0.00013705204729169972,0.0013336820905165908
bratu,100,random,final_norm_Rlin_h,1.45,0.0019269120065454844,0.0015883848512798322,0.0022800349691396195
bratu,100,random,final_norm_Rlin_h,2.01,0.0034970826794138397,0.002939842322844117,0.0043499111563866395
bratu,100,random,final_norm_Rlin_h,3.0,0.005076208098201597,0.003915704890599012,0.005972222507580855
bratu,100,random,final_norm_Rlin_h,5.13,0.006286916524127703,0.005926899623409576,0.006699937525094035
bratu,100,random,final_norm_Rlin_h,9.93,0.0079033176368993,0.00748916543407397,0.008349242222029138
bratu,100,random,final_norm_Rlin_h,19.81,0.008004169166572065,0.007906976191601358,0.008665320210082024
bratu,100,random,kappa,1.16,93794290.04252437,23280425.460461073,260062003.804618
bratu,100,random,kappa,1.45,11993848.374596177,4114039.0172893214,24108380.93172319
bratu,100,random,kappa,2.01,3839198.7304558186,2980955.2960592294,7786786.449398592
bratu,100,random,kappa,3.0,2953012.768660737,2276938.928866567,4115707.5255942624
bratu,100,random,kappa,5.13,1708056.4956684315,1431996.911116767,2127682.965571587
bratu,100,random,kappa,9.93,1355982.8222819513,1109652.2166352053,1595177.9016607834
bratu,100,random,kappa,19.81,1172204.5118311837,1095540.7799338233,1254541.7442262708
