family,device,config,seed,lilq_P,lilq_eps_u,time_s,iteration
F1,gpu,F1_18,0,75,0.37685406176412545,10.522,200
F1,gpu,F1_18,1,75,0.37685406176412545,10.256,200
F1,gpu,F1_18,2,75,0.37685406176412545,10.959,200
F1,gpu,F1_18,3,75,0.37685406176412545,10.655,200
F1,gpu,F1_18,4,75,0.37685406176412545,11.704,200
F1,gpu,F1_18,0,300,0.02896684937246531,19.022,400
F1,gpu,F1_18,1,300,0.02896684937246531,36.193,800
F1,gpu,F1_18,2,300,0.02896684937246531,27.914,600
F1,gpu,F1_18,3,300,0.02896684937246531,19.391,400
F1,gpu,F1_18,4,300,0.02896684937246531,20.618,400
F1,gpu,F1_18,0,675,1.2304982335471916e-05,not reached,
F1,gpu,F1_18,1,675,1.2304982335471916e-05,not reached,
F1,gpu,F1_18,2,675,1.2304982335471916e-05,not reached,
F1,gpu,F1_18,3,675,1.2304982335471916e-05,not reached,
F1,gpu,F1_18,4,675,1.2304982335471916e-05,not reached,
F1,gpu,F1_18,0,1200,7.359311181202595e-09,not reached,
F1,gpu,F1_18,1,1200,7.359311181202595e-09,not reached,
F1,gpu,F1_18,2,1200,7.359311181202595e-09,not reached,
F1,gpu,F1_18,3,1200,7.359311181202595e-09,not reached,
F1,gpu,F1_18,4,1200,7.359311181202595e-09,not reached,
F1,gpu,F1_18,0,1875,6.99053030184967e-13,not reached,
F1,gpu,F1_18,1,1875,6.99053030184967e-13,not reached,
F1,gpu,F1_18,2,1875,6.99053030184967e-13,not reached,
F1,gpu,F1_18,3,1875,6.99053030184967e-13,not reached,
F1,gpu,F1_18,4,1875,6.99053030184967e-13,not reached,
F2,gpu,F2_05,0,75,0.37685406176412545,0.807,1
F2,gpu,F2_05,1,75,0.37685406176412545,0.741,1
F2,gpu,F2_05,2,75,0.37685406176412545,0.789,1
F2,gpu,F2_05,3,75,0.37685406176412545,0.722,1
F2,gpu,F2_05,4,75,0.37685406176412545,0.722,1
F2,gpu,F2_05,0,300,0.02896684937246531,2.919,4
F2,gpu,F2_05,1,300,0.02896684937246531,2.908,4
F2,gpu,F2_05,2,300,0.02896684937246531,2.9,4
F2,gpu,F2_05,3,300,0.02896684937246531,2.834,4
F2,gpu,F2_05,4,300,0.02896684937246531,2.129,3
F2,gpu,F2_05,0,675,1.2304982335471916e-05,13.746,19
F2,gpu,F2_05,1,675,1.2304982335471916e-05,12.275,17
F2,gpu,F2_05,2,675,1.2304982335471916e-05,9.459,13
F2,gpu,F2_05,3,675,1.2304982335471916e-05,12.256,17
F2,gpu,F2_05,4,675,1.2304982335471916e-05,11.495,16
F2,gpu,F2_05,0,1200,7.359311181202595e-09,83.02,110
F2,gpu,F2_05,1,1200,7.359311181202595e-09,146.128,193
F2,gpu,F2_05,2,1200,7.359311181202595e-09,1022.075,1314
F2,gpu,F2_05,3,1200,7.359311181202595e-09,141.448,179
F2,gpu,F2_05,4,1200,7.359311181202595e-09,126.424,161
F2,gpu,F2_05,0,1875,6.99053030184967e-13,not reached,
F2,gpu,F2_05,1,1875,6.99053030184967e-13,not reached,
F2,gpu,F2_05,2,1875,6.99053030184967e-13,not reached,
F2,gpu,F2_05,3,1875,6.99053030184967e-13,not reached,
F2,gpu,F2_05,4,1875,6.99053030184967e-13,not reached,
F1,cpu,F1_18,0,75,0.3768540617641253,78.612,200
F1,cpu,F1_18,1,75,0.3768540617641253,66.573,200
F1,cpu,F1_18,2,75,0.3768540617641253,65.243,200
F1,cpu,F1_18,3,75,0.3768540617641253,66.094,200
F1,cpu,F1_18,4,75,0.3768540617641253,66.741,200
F1,cpu,F1_18,0,300,0.028966849372465353,144.046,400
F1,cpu,F1_18,1,300,0.028966849372465353,260.901,800
F1,cpu,F1_18,2,300,0.028966849372465353,192.858,600
F1,cpu,F1_18,3,300,0.028966849372465353,130.418,400
F1,cpu,F1_18,4,300,0.028966849372465353,129.832,400
F1,cpu,F1_18,0,675,1.2304982335107468e-05,not reached,
F1,cpu,F1_18,1,675,1.2304982335107468e-05,not reached,
F1,cpu,F1_18,2,675,1.2304982335107468e-05,not reached,
F1,cpu,F1_18,3,675,1.2304982335107468e-05,not reached,
F1,cpu,F1_18,4,675,1.2304982335107468e-05,not reached,
F1,cpu,F1_18,0,1200,7.359311300812976e-09,not reached,
F1,cpu,F1_18,1,1200,7.359311300812976e-09,not reached,
F1,cpu,F1_18,2,1200,7.359311300812976e-09,not reached,
F1,cpu,F1_18,3,1200,7.359311300812976e-09,not reached,
F1,cpu,F1_18,4,1200,7.359311300812976e-09,not reached,
F1,cpu,F1_18,0,1875,7.002775416216135e-13,not reached,
F1,cpu,F1_18,1,1875,7.002775416216135e-13,not reached,
F1,cpu,F1_18,2,1875,7.002775416216135e-13,not reached,
F1,cpu,F1_18,3,1875,7.002775416216135e-13,not reached,
F1,cpu,F1_18,4,1875,7.002775416216135e-13,not reached,
F2,cpu,F2_05,0,75,0.3768540617641253,15.493,1
F2,cpu,F2_05,1,75,0.3768540617641253,10.688,1
F2,cpu,F2_05,2,75,0.3768540617641253,11.084,1
F2,cpu,F2_05,3,75,0.3768540617641253,10.462,1
F2,cpu,F2_05,4,75,0.3768540617641253,12.566,1
F2,cpu,F2_05,0,300,0.028966849372465353,50.201,4
F2,cpu,F2_05,1,300,0.028966849372465353,44.202,4
F2,cpu,F2_05,2,300,0.028966849372465353,43.873,4
F2,cpu,F2_05,3,300,0.028966849372465353,43.266,4
F2,cpu,F2_05,4,300,0.028966849372465353,35.644,3
F2,cpu,F2_05,0,675,1.2304982335107468e-05,219.543,19
F2,cpu,F2_05,1,675,1.2304982335107468e-05,188.775,17
F2,cpu,F2_05,2,675,1.2304982335107468e-05,144.06,13
F2,cpu,F2_05,3,675,1.2304982335107468e-05,187.767,17
F2,cpu,F2_05,4,675,1.2304982335107468e-05,178.432,16
F2,cpu,F2_05,0,1200,7.359311300812976e-09,1341.591,115
F2,cpu,F2_05,1,1200,7.359311300812976e-09,2226.85,193
F2,cpu,F2_05,2,1200,7.359311300812976e-09,not reached,
F2,cpu,F2_05,3,1200,7.359311300812976e-09,2063.372,179
F2,cpu,F2_05,4,1200,7.359311300812976e-09,1849.53,161
F2,cpu,F2_05,0,1875,7.002775416216135e-13,not reached,
F2,cpu,F2_05,1,1875,7.002775416216135e-13,not reached,
F2,cpu,F2_05,2,1875,7.002775416216135e-13,not reached,
F2,cpu,F2_05,3,1875,7.002775416216135e-13,not reached,
F2,cpu,F2_05,4,1875,7.002775416216135e-13,not reached,
