k,t_assemble_s,t_solve_s,t_cum_s,norm_R_h,norm_R_interior,norm_Rlin_h,norm_Rlin_interior,norm_f_h,norm_dbeta,rel_dbeta,chi,order_obs,stall_flag,roundoff_ratio,kappa_eps,kappa,kappa_method,num_rank_svd,num_rank_gelsy,rcond,eps_u,eps_v,eps_p,eps_p_meanfree,maxerr_u,maxerr_v,maxerr_p,solver_path,gpu_mem_peak_bytes,kappa_raw,kappa_retained,num_rank_qr,norm_beta
0,0.022000061348080635,0.08188870549201965,0.10388876684010029,2.236856045267611,0.0,3.79664322531538e-08,2.2397752595111707e-06,2.236856045267611,0.8367116837732965,1.0,15267208.693484677,,False,1.697312276016922e-08,7.865016540198354e-09,35420885.559700094,svd,400,400,2.220446049250313e-16,0.0,,,,,,,cpu_gelsy,,35420885.559700094,35420885.559700094,,0.0
1,0.020144809037446976,0.0823882408440113,0.20642181672155857,0.5796414445559488,34.19884522880098,1.3843036075246703e-06,8.166832701710281e-05,2.3107377980846637,1.1589309856744263,0.8405298845663496,32938.02300487553,1.8828147102796238,False,5.99074290762067e-07,7.624924680724832e-09,34339607.95084045,svd,400,400,2.220446049250313e-16,0.30655045721746654,,,,,,,cpu_gelsy,,34339607.95084045,34339607.95084045,,0.8367116837732965
2,0.018638519570231438,0.08211948536336422,0.30717982165515423,0.04559622461495389,2.6901772522821097,0.0002862624682654306,0.01688947717696101,2.3095966973995408,0.5597202267418355,0.3347917958070219,0.41077937257654623,1.9359169393118687,False,0.00012394478593935642,7.558275971378074e-09,34039448.84826167,svd,400,400,2.220446049250313e-16,0.0025656148437931264,,,,,,,cpu_gelsy,,34039448.84826167,34039448.84826167,,1.3788099708939532
3,0.0180355217307806,0.08446667529642582,0.40968201868236065,0.00033207047704332586,0.01959215086060294,0.00031185251754123556,0.018399273286150694,2.308873384616312,0.014394609330525908,0.008604261095328265,2.9118257066480226e-06,0.012761889090430712,True,0.00013506696366247868,7.553853191331085e-09,34019530.417690106,svd,400,400,2.220446049250313e-16,3.876953217157505e-07,,,,,,,cpu_gelsy,,34019530.417690106,34019530.417690106,,1.6718457075467439
4,0.01848273165524006,0.08237837255001068,0.5105431228876114,0.0003118524737295097,0.018399270701255323,0.00031185247372581676,0.018399270691785367,2.3088737983455627,5.172501795303063e-06,3.0918223583902266e-06,2.617908646945342e-11,1.842789849621367e-10,True,0.00013506692048273773,7.553794860235903e-09,34019267.71779158,svd,400,400,2.220446049250313e-16,3.928328001095681e-07,,,,,,,cpu_gelsy,,34019267.71779158,34019267.71779158,,1.6729628693324459
5,0.017973516136407852,0.08217425085604191,0.6106908898800611,0.0003118524737258407,0.018399270691786776,0.0003118524737258018,0.018399270691785503,2.308873798167591,6.709463900689334e-09,4.010529396193914e-09,2.5811320206305904e-11,-0.00970076719096634,True,0.00013506692049314244,7.553794863522622e-09,34019267.73259365,svd,400,400,2.220446049250313e-16,3.928325405898475e-07,,,,,,,cpu_gelsy,,34019267.73259365,34019267.73259365,,1.672962154913762
6,0.018167676404118538,0.08192395605146885,0.7107825223356485,0.00031185247372576185,0.01839927069178315,0.0003118524737258282,0.01839927069178706,2.3088737981675957,6.550994567009985e-09,3.915805592468874e-09,2.7156966405296143e-11,0.1940298507462489,True,0.00013506692049315358,7.553794860164519e-09,34019267.717470095,svd,400,400,2.220446049250313e-16,3.9283254064636836e-07,,,,,,,cpu_gelsy,,34019267.717470095,34019267.717470095,,1.6729621548359108
7,0.017941299825906754,0.08240175992250443,0.8111255820840597,0.00031185247372584696,0.01839927069178817,0.0003118524737258451,0.01839927069178808,2.3088737981675953,4.12483872490524e-09,2.4655899778092724e-09,2.818486079164338e-11,-0.04312449145647482,True,0.00013506692049316095,7.553794860459495e-09,34019267.71879855,svd,400,400,2.220446049250313e-16,3.928325406297363e-07,,,,,,,cpu_gelsy,,34019267.71879855,34019267.71879855,,1.672962156142091
8,0.01826942339539528,0.08399170078337193,0.9133867062628269,0.0003118524737258522,0.0183992706917885,0.0003118524737258085,0.018399270691785912,2.3088737981675953,6.864139506418741e-09,4.102985525630265e-09,2.703582359999069e-11,0.3552631578947388,True,0.0001350669204931451,7.553794858949602e-09,34019267.7119986,svd,400,400,2.220446049250313e-16,3.928325406248941e-07,,,,,,,cpu_gelsy,,34019267.7119986,34019267.7119986,,1.67296215592596
9,0.017778808251023293,0.08215100318193436,1.0133165176957846,0.0003118524737257943,0.018399270691785076,0.0003118524737258832,0.01839927069179034,2.3088737981675953,4.676971059031215e-09,2.795622749935828e-09,2.692314080033261e-11,-2.5299043062192665,True,0.00013506692049317743,7.553794860937006e-09,34019267.72094907,svd,400,400,2.220446049250313e-16,3.928325406466531e-07,,,,,,,cpu_gelsy,,34019267.72094907,34019267.72094907,,1.6729621548846025
10,0.018201181665062904,0.0819267276674509,1.1134444270282984,0.0003118524737258745,0.01839927069178983,0.00031185247372593884,0.018399270691793573,2.3088737981675953,6.67720547796597e-09,3.991247176422299e-09,2.7360944899249346e-11,1.16234887737476,True,0.00013506692049320153,7.55379486183888e-09,34019267.725010745,svd,400,400,2.220446049250313e-16,3.9283254061973553e-07,,,,,,,cpu_gelsy,,34019267.725010745,34019267.725010745,,1.6729621545462714
11,0.017805181443691254,0.08218694478273392,1.2134365532547235,0.00031185247372580587,0.018399270691785728,0.0003118524737257891,0.018399270691784743,2.3088737981675953,1.0235906055415269e-08,6.118432517035077e-09,2.7262408960585758e-11,-1.81029263370277,True,0.0001350669204931367,7.553794861728555e-09,34019267.72451389,svd,400,400,2.220446049250313e-16,3.9283254059973e-07,,,,,,,cpu_gelsy,,34019267.72451389,34019267.72451389,,1.6729621551405214
12,0.018250659108161926,0.08194307796657085,1.3136302903294563,0.0003118524737258639,0.018399270691789156,0.0003118524737258907,0.018399270691790752,2.3088737981675953,1.2639381022961515e-08,7.55509082371236e-09,2.8579771289772885e-11,-0.4970167064439833,True,0.00013506692049318069,7.55379486235117e-09,34019267.7273179,svd,400,400,2.220446049250313e-16,3.928325406684644e-07,,,,,,,cpu_gelsy,,34019267.7273179,34019267.7273179,,1.6729621560614145
13,0.01789303869009018,0.08216974511742592,1.4136930741369724,0.00031185247372583904,0.018399270691787702,0.0003118524737256856,0.018399270691778616,2.3088737981675953,9.743657632091894e-09,5.824194884902158e-09,2.663469184546659e-11,1.1961057023644044,True,0.00013506692049309184,7.553794860018639e-09,34019267.71681311,svd,400,400,2.220446049250313e-16,3.9283254062468246e-07,,,,,,,cpu_gelsy,,34019267.71681311,34019267.71681311,,1.6729621546430171
14,0.018324684351682663,0.0819536242634058,1.513971382752061,0.00031185247372579454,0.018399270691785045,0.0003118524737258422,0.018399270691787886,2.3088737981675953,6.503719654621794e-09,3.887547386378628e-09,2.7085241967230226e-11,-2.1011673151746324,True,0.00013506692049315968,7.553794860499768e-09,34019267.718979925,svd,400,400,2.220446049250313e-16,3.928325406358217e-07,,,,,,,cpu_gelsy,,34019267.718979925,34019267.718979925,,1.6729621560827252
15,0.017853783443570137,0.08204936794936657,1.6138745341449976,0.0003118524737258833,0.018399270691790304,0.000311852473725809,0.018399270691785926,2.3088737981675957,4.403310560820059e-09,2.632044334264475e-09,2.672780574034708e-11,0.017940717628707657,True,0.00013506692049314529,7.553794859648878e-09,34019267.71514785,svd,400,400,2.220446049250313e-16,3.9283254062578594e-07,,,,,,,cpu_gelsy,,34019267.71514785,34019267.71514785,,1.672962155370719
16,0.01828121952712536,0.0819363109767437,1.7140920646488667,0.0003118524737258637,0.018399270691789153,0.0003118524737258865,0.01839927069179048,2.3088737981675953,4.7200149715327455e-09,2.821351908497109e-09,2.6755181317412375e-11,2.400000000000105,True,0.00013506692049317884,7.5537948633461e-09,34019267.731798664,svd,400,400,2.220446049250313e-16,3.928325406165706e-07,,,,,,,cpu_gelsy,,34019267.731798664,34019267.731798664,,1.6729621547391467
17,0.017651904374361038,0.0821817647665739,1.8139257337898016,0.0003118524737258508,0.01839927069178837,0.0003118524737258935,0.018399270691790866,2.3088737981675957,2.3317983809221413e-09,1.3938141832872747e-09,2.699771426018681e-11,4.088471849866213,True,0.00013506692049318188,7.553794861453316e-09,34019267.72327432,svd,400,400,2.220446049250313e-16,3.92832540620695e-07,,,,,,,cpu_gelsy,,34019267.72327432,34019267.72327432,,1.6729621559499201
18,0.01815318502485752,0.08196629397571087,1.91404521279037,0.0003118524737259455,0.018399270691793937,0.000311852473725901,0.018399270691791345,2.3088737981675953,6.772686450855126e-09,4.048320181383092e-09,2.6664657652450597e-11,-1.5131578947374198,True,0.00013506692049318516,7.553794862274005e-09,34019267.726970375,svd,400,400,2.220446049250313e-16,3.928325406343623e-07,,,,,,,cpu_gelsy,,34019267.726970375,34019267.726970375,,1.672962155846811
19,0.017679287120699883,0.08217663131654263,2.0139011312276125,0.0003118524737258325,0.018399270691787303,0.0003118524737259225,0.01839927069179264,2.3088737981675953,7.1454329722784045e-09,4.271126486315989e-09,2.6367642627848167e-11,-0.276875957120916,True,0.00013506692049319445,7.553794860381166e-09,34019267.718445785,svd,400,400,2.220446049250313e-16,3.928325406296339e-07,,,,,,,cpu_gelsy,,34019267.718445785,34019267.718445785,,1.672962154031321
20,0.018255770206451416,0.08257182501256466,2.1147287264466286,0.0003118524737258624,0.018399270691789094,0.000311852473725787,0.018399270691784646,2.3088737981675953,1.0272481167105282e-08,6.1402950073082404e-09,2.7893972512337563e-11,-2.623842592593048,True,0.00013506692049313577,7.553794861301439e-09,34019267.72259033,svd,400,400,2.220446049250313e-16,3.928325406368193e-07,,,,,,,cpu_gelsy,,34019267.72259033,34019267.72259033,,1.6729621553403389
21,0.017816854640841484,0.08225924149155617,2.2148048225790262,0.00031185247372582137,0.018399270691786672,0.0003118524737258393,0.01839927069178771,2.3088737981675953,5.420804271815837e-09,3.24024321492576e-09,2.6786983324037958e-11,-2.936708860758733,True,0.00013506692049315843,7.553794861789365e-09,34019267.72478775,svd,400,400,2.220446049250313e-16,3.9283254064192414e-07,,,,,,,cpu_gelsy,,34019267.72478775,34019267.72478775,,1.672962154893026
22,0.018800949677824974,0.6499056667089462,2.8835114389657974,0.00031185247372583026,0.018399270691787175,0.00031185247372590117,0.018399270691791363,2.3088737981675953,3.22518960524405e-09,1.927831777785338e-09,2.8035439937808043e-11,-8.980468750001274,True,0.0001350669204931852,7.553794861463654e-09,34019267.72332088,svd,400,400,2.220446049250313e-16,3.9283254064180857e-07,,,,,,,cpu_gelsy,,34019267.72332088,34019267.72332088,,1.6729621550770033
23,0.018417328596115112,0.08406273275613785,2.9859915003180504,0.0003118524737258834,0.018399270691790315,0.0003118524737258007,0.018399270691785444,2.3088737981675957,6.084546298103487e-09,3.636989802343021e-09,2.697760817178292e-11,0.6023468057366567,True,0.00013506692049314168,7.55379486197227e-09,34019267.725611486,svd,400,400,2.220446049250313e-16,3.9283254064615994e-07,,,,,,,cpu_gelsy,,34019267.725611486,34019267.725611486,,1.6729621548977138
24,0.018780875951051712,0.08372956700623035,3.0885019432753325,0.00031185247372585053,0.018399270691788382,0.0003118524737258445,0.018399270691788008,2.3088737981675957,5.7441027284417e-09,3.433492331261843e-09,2.698132165974625e-11,-1.2729188619598055,True,0.00013506692049316065,7.55379486162668e-09,34019267.72405508,svd,400,400,2.220446049250313e-16,3.928325406264731e-07,,,,,,,cpu_gelsy,,34019267.72405508,34019267.72405508,,1.6729621551822063
25,0.018285173922777176,0.08377644419670105,3.1905635613948107,0.00031185247372580337,0.018399270691785582,0.00031185247372586696,0.01839927069178927,2.3088737981675953,5.359619422518197e-09,3.2036704513528685e-09,2.714728012965318e-11,0.8414096916299459,True,0.0001350669204931704,7.553794859636728e-09,34019267.715093136,svd,400,400,2.220446049250313e-16,3.9283254061795533e-07,,,,,,,cpu_gelsy,,34019267.715093136,34019267.715093136,,1.6729621546382438
26,0.018730120733380318,0.08307520300149918,3.29236888512969,0.0003118524737258995,0.018399270691791193,0.00031185247372583395,0.018399270691787394,2.3088737981675953,4.5210252845566275e-09,2.7024073861728733e-09,2.64941616469431e-11,-0.3490634005764414,True,0.0001350669204931561,7.553794859730747e-09,34019267.71551656,svd,400,400,2.220446049250313e-16,3.928325406552618e-07,,,,,,,cpu_gelsy,,34019267.71551656,34019267.71551656,,1.6729621550977254
27,0.01827971823513508,0.0849050022661686,3.395553605630994,0.00031185247372578554,0.018399270691784538,0.00031185247372586983,0.01839927069178948,2.3088737981675953,2.423116803041597e-09,1.4483990538897717e-09,2.708200654421819e-11,-0.6727438468548538,True,0.00013506692049317166,7.553794861088741e-09,34019267.72163242,svd,400,400,2.220446049250313e-16,3.928325406383531e-07,,,,,,,cpu_gelsy,,34019267.72163242,34019267.72163242,,1.6729621550358718
28,0.018817834556102753,0.08356738649308681,3.4979388266801834,0.00031185247372583346,0.018399270691787338,0.0003118524737257658,0.018399270691783414,2.3088737981675953,4.891850861145638e-09,2.9240654646407623e-09,2.7313885372934212e-11,0.7630057803468347,True,0.00013506692049312658,7.553794861910877e-09,34019267.725334994,svd,400,400,2.220446049250313e-16,3.928325406439734e-07,,,,,,,cpu_gelsy,,34019267.725334994,34019267.725334994,,1.6729621553771084
29,0.018305247649550438,0.08346637152135372,3.5997104458510876,0.0003118524737258343,0.018399270691787463,0.0003118524737258401,0.018399270691787716,2.3088737981675953,7.348685667964796e-09,4.392619190007394e-09,2.6816221947619425e-11,4.615384615384592,True,0.00013506692049315878,7.553794861087723e-09,34019267.72162784,svd,400,400,2.220446049250313e-16,3.928325406403213e-07,,,,,,,cpu_gelsy,,34019267.72162784,34019267.72162784,,1.6729621550202294
30,0.01884913071990013,0.08364104852080345,3.702200625091791,0.0003118524737258029,0.018399270691785517,0.0003118524737258455,0.018399270691788098,2.3088737981675953,7.800082130327323e-09,4.662437885259056e-09,2.713723591727071e-11,-3.80396475770833,True,0.00013506692049316112,7.553794861190749e-09,34019267.722091824,svd,400,400,2.220446049250313e-16,3.9283254064703053e-07,,,,,,,cpu_gelsy,,34019267.722091824,34019267.722091824,,1.672962155399687
31,0.01829528622329235,0.08395667187869549,3.804452583193779,0.0003118524737258582,0.01839927069178885,0.00031185247372580516,0.01839927069178565,2.3088737981675953,4.644301164437438e-09,2.7760945764933624e-09,2.7025032507419653e-11,2.047559449311449,True,0.00013506692049314363,7.553794862251342e-09,34019267.72686831,svd,400,400,2.220446049250313e-16,3.92832540617356e-07,,,,,,,cpu_gelsy,,34019267.72686831,34019267.72686831,,1.6729621546248077
32,0.018672646954655647,0.08368024230003357,3.906805472448468,0.00031185247372582224,0.018399270691786655,0.0003118524737259482,0.018399270691794097,2.3088737981675953,7.319271702823951e-09,4.375037222966622e-09,2.705154803834906e-11,-2.0462427745661147,True,0.0001350669204932056,7.553794858095166e-09,34019267.70815056,svd,400,400,2.220446049250313e-16,3.9283254062535236e-07,,,,,,,cpu_gelsy,,34019267.70815056,34019267.70815056,,1.6729621547346236
33,0.018283938989043236,0.08355087414383888,4.00864028558135,0.00031185247372581324,0.018399270691786134,0.0003118524737257109,0.018399270691780108,2.3088737981675957,4.340175639272612e-09,2.5943059298982834e-09,2.658561209923742e-11,-13.546153846151002,True,0.00013506692049310279,7.553794862322299e-09,34019267.72718787,svd,400,400,2.220446049250313e-16,3.928325406380167e-07,,,,,,,cpu_gelsy,,34019267.72718787,34019267.72718787,,1.672962155476452
34,0.01865076832473278,0.08339345641434193,4.110684510320425,0.0003118524737257984,0.01839927069178527,0.0003118524737258322,0.018399270691787335,2.3088737981675953,6.876652742071737e-09,4.110465212684342e-09,2.7266148284016815e-11,-3.076923076922778,True,0.00013506692049315534,7.553794860629212e-09,34019267.71956289,svd,400,400,2.220446049250313e-16,3.9283254062589526e-07,,,,,,,cpu_gelsy,,34019267.71956289,34019267.71956289,,1.672962155023398
35,0.018305230885744095,0.08556394092738628,4.214553682133555,0.0003118524737259077,0.01839927069179179,0.00031185247372578223,0.018399270691784323,2.3088737981675953,5.584582643541126e-09,3.3381404513977553e-09,2.7040280807837027e-11,-1.3879037365426963,True,0.0001350669204931337,7.553794862191285e-09,34019267.72659784,svd,400,400,2.220446049250313e-16,3.928325406395496e-07,,,,,,,cpu_gelsy,,34019267.72659784,34019267.72659784,,1.6729621554395628
36,0.018782997503876686,0.08328627794981003,4.316622957587242,0.00031185247372578673,0.018399270691784583,0.00031185247372585064,0.01839927069178841,2.3088737981675953,5.230032360336427e-09,3.126210801509765e-09,2.7450009163504648e-11,-0.5270386266092859,True,0.00013506692049316334,7.553794860143666e-09,34019267.71737618,svd,400,400,2.220446049250313e-16,3.9283254063967384e-07,,,,,,,cpu_gelsy,,34019267.71737618,34019267.71737618,,1.6729621550832992
37,0.018370918929576874,0.08351766690611839,4.418511543422937,0.00031185247372587927,0.018399270691790096,0.00031185247372588116,0.01839927069179015,2.3088737981675953,5.316582808777865e-09,3.1779456543735583e-09,2.668423088724042e-11,-1.125748502994367,True,0.00013506692049317657,7.553794862654705e-09,34019267.728684895,svd,400,400,2.220446049250313e-16,3.928325406274267e-07,,,,,,,cpu_gelsy,,34019267.728684895,34019267.728684895,,1.6729621552745733
38,0.018651852384209633,0.08352325111627579,4.520686646923423,0.00031185247372589493,0.01839927069179096,0.0003118524737258274,0.018399270691787,2.3088737981675953,5.506010743259662e-09,3.2911747151069606e-09,2.691961503874692e-11,-2.7676991150445094,True,0.00013506692049315326,7.553794861817643e-09,34019267.7249151,svd,400,400,2.220446049250313e-16,3.9283254060766335e-07,,,,,,,cpu_gelsy,,34019267.7249151,34019267.7249151,,1.6729621544852624
39,0.01825864426791668,0.08353149890899658,4.622476790100336,0.00031185247372590203,0.0183992706917914,0.00031185247372585726,0.018399270691788785,2.3088737981675953,4.1760373787797286e-09,2.496193572812148e-09,2.6918785590205486e-11,-21.577669902918192,True,0.0001350669204931662,7.553794861828189e-09,34019267.7249626,svd,400,400,2.220446049250313e-16,3.9283254065382146e-07,,,,,,,cpu_gelsy,,34019267.7249626,34019267.7249626,,1.6729621548155096
40,0.018628843128681183,0.08524454943835735,4.726350182667375,0.0003118524737258148,0.01839927069178628,0.0003118524737258063,0.018399270691785697,2.3088737981675953,6.540773531451177e-09,3.9096960503649155e-09,2.6463816328893972e-11,-1.6331877729251627,True,0.00013506692049314412,7.553794861683977e-09,34019267.724313125,svd,400,400,2.220446049250313e-16,3.928325406435085e-07,,,,,,,cpu_gelsy,,34019267.724313125,34019267.724313125,,1.6729621549642528
41,0.01826893724501133,0.08347645588219166,4.828095575794578,0.0003118524737257592,0.018399270691782918,0.000311852473725837,0.01839927069178759,2.3088737981675953,4.446258891501299e-09,2.6577163618202404e-09,2.6079460917400976e-11,-1.5330012453296662,True,0.00013506692049315743,7.55379486310732e-09,34019267.73072329,svd,400,400,2.220446049250313e-16,3.928325406322129e-07,,,,,,,cpu_gelsy,,34019267.73072329,34019267.73072329,,1.6729621554188816
42,0.018700571730732918,0.08321358822286129,4.930009735748172,0.00031185247372585026,0.01839927069178837,0.0003118524737258964,0.01839927069179107,2.3088737981675957,5.714769207243639e-09,3.4159584469830032e-09,2.68464286564775e-11,-0.1566539923954637,True,0.00013506692049318313,7.553794863190235e-09,34019267.73109671,svd,400,400,2.220446049250313e-16,3.9283254063410375e-07,,,,,,,cpu_gelsy,,34019267.73109671,34019267.73109671,,1.6729621547937137
43,0.018306687474250793,0.08360832184553146,5.031924745067954,0.000311852473725871,0.018399270691789576,0.00031185247372583855,0.018399270691787713,2.3088737981675953,6.601836418687504e-09,3.946195912971397e-09,2.691114371386652e-11,1.0366666666666655,True,0.0001350669204931581,7.553794859880854e-09,34019267.71619258,svd,400,400,2.220446049250313e-16,3.928325406693653e-07,,,,,,,cpu_gelsy,,34019267.71619258,34019267.71619258,,1.6729621556992182
44,0.018824994564056396,0.08348731882870197,5.134237058460712,0.0003118524737259394,0.018399270691793663,0.0003118524737259401,0.018399270691793684,2.3088737981675957,7.89464921719806e-09,4.71896461510774e-09,2.665260389714368e-11,0.30192502532930376,True,0.00013506692049320204,7.553794862348233e-09,34019267.72730467,svd,400,400,2.220446049250313e-16,3.9283254062791686e-07,,,,,,,cpu_gelsy,,34019267.72730467,34019267.72730467,,1.6729621550179117
45,0.018281886354088783,0.0855061523616314,5.238025097176433,0.0003118524737258547,0.018399270691788646,0.00031185247372582684,0.01839927069178695,2.3088737981675953,6.787910230884088e-09,4.0574200735913774e-09,2.680521888955445e-11,0.21831561733440039,True,0.00013506692049315304,7.553794859969566e-09,34019267.7165921,svd,400,400,2.220446049250313e-16,3.9283254062798235e-07,,,,,,,cpu_gelsy,,34019267.7165921,34019267.7165921,,1.6729621561313222
46,0.01874350756406784,0.08337371423840523,5.340142318978906,0.00031185247372574103,0.018399270691781884,0.0003118524737258654,0.018399270691789253,2.3088737981675953,3.022201438308133e-09,1.8064971934589883e-09,2.7546969487963792e-11,-0.5245202558633937,True,0.0001350669204931697,7.553794862916845e-09,34019267.72986547,svd,400,400,2.220446049250313e-16,3.928325406412032e-07,,,,,,,cpu_gelsy,,34019267.72986547,34019267.72986547,,1.672962155204169
47,0.018349919468164444,0.08351617678999901,5.442008415237069,0.00031185247372590783,0.018399270691791758,0.0003118524737259482,0.018399270691794166,2.3088737981675953,8.429976857364116e-09,5.03895251387015e-09,2.6616909188689178e-11,0.23951847239523347,True,0.0001350669204932056,7.553794862206259e-09,34019267.72666527,svd,400,400,2.220446049250313e-16,3.9283254064691846e-07,,,,,,,cpu_gelsy,,34019267.72666527,34019267.72666527,,1.6729621552975549
48,0.01919991709291935,0.0836439449340105,5.544852277263999,0.0003118524737259094,0.018399270691791876,0.0003118524737258008,0.018399270691785402,2.3088737981675957,9.311287662446962e-09,5.56574912901885e-09,2.7670039363026923e-11,-15.586956521739792,True,0.00013506692049314174,7.55379486130242e-09,34019267.722594745,svd,400,400,2.220446049250313e-16,3.928325406110074e-07,,,,,,,cpu_gelsy,,34019267.722594745,34019267.722594745,,1.672962155162185
49,0.018389971926808357,0.08340981788933277,5.64665206708014,0.0003118524737258087,0.018399270691785864,0.00031185247372589455,0.018399270691791,2.3088737981675953,4.856523074177955e-09,2.9029485563887743e-09,2.6999759650915762e-11,-0.16913028532138438,True,0.00013506692049318237,7.553794860390404e-09,34019267.71848739,svd,400,400,2.220446049250313e-16,3.9283254064989816e-07,,,,,,,cpu_gelsy,,34019267.71848739,34019267.71848739,,1.6729621559655867
50,0.018835680559277534,0.08530615642666817,5.750793904066086,0.00031185247372581085,0.018399270691786058,0.0003118524737258148,0.018399270691786287,2.3088737981675953,5.24316722487355e-09,3.1340620632209713e-09,2.6347087062071394e-11,42.90322580644543,True,0.0001350669204931478,7.553794860786906e-09,34019267.72027308,svd,400,400,2.220446049250313e-16,3.928325406530686e-07,,,,,,,cpu_gelsy,,34019267.72027308,34019267.72027308,,1.672962155491794
51,0.018157245591282845,0.08352688513696194,5.852478034794331,0.00031185247372579426,0.018399270691785076,0.0003118524737257839,0.018399270691784392,2.3088737981675957,3.346107365661599e-09,2.0001094199966424e-09,2.6867802486711225e-11,3.323590814196448,True,0.00013506692049313442,7.553794860024131e-09,34019267.716837846,svd,400,400,2.220446049250313e-16,3.9283254061560397e-07,,,,,,,cpu_gelsy,,34019267.716837846,34019267.716837846,,1.6729621555372094
52,0.018761349841952324,0.08387782797217369,5.955117212608457,0.00031185247372583796,0.018399270691787577,0.0003118524737258338,0.01839927069178738,2.3088737981675957,5.017863023471778e-09,2.9993882440220437e-09,2.6498922436505536e-11,-0.23534072900160516,True,0.00013506692049315602,7.553794861615721e-09,34019267.72400573,svd,400,400,2.220446049250313e-16,3.928325406267515e-07,,,,,,,cpu_gelsy,,34019267.72400573,34019267.72400573,,1.672962155074104
53,0.018295032903552055,0.08381745219230652,6.057229697704315,0.00031185247372583536,0.01839927069178747,0.0003118524737258401,0.018399270691787775,2.3088737981675953,6.151318989915788e-09,3.676902654496465e-09,2.6407239992248047e-11,28.440000000003245,True,0.00013506692049315878,7.553794860477582e-09,34019267.718880005,svd,400,400,2.220446049250313e-16,3.9283254062200923e-07,,,,,,,cpu_gelsy,,34019267.718880005,34019267.718880005,,1.6729621560238734
54,0.018619516864418983,0.0836458932608366,6.159495107829571,0.000311852473725793,0.018399270691784996,0.00031185247372585167,0.018399270691788414,2.3088737981675953,7.45103627232696e-09,4.4537984607806945e-09,2.6484091553160764e-11,-2.0310711365490506,True,0.00013506692049316377,7.553794863673363e-09,34019267.73327252,svd,400,400,2.220446049250313e-16,3.928325406348708e-07,,,,,,,cpu_gelsy,,34019267.73327252,34019267.73327252,,1.6729621553601297
55,0.018104130402207375,0.0854199267923832,6.263019165024161,0.0003118524737258477,0.01839927069178818,0.00031185247372583633,0.018399270691787487,2.3088737981675953,4.921441860535213e-09,2.941753251588242e-09,2.693948003797615e-11,1.398734177215141,True,0.00013506692049315713,7.553794861069396e-09,34019267.7215453,svd,400,400,2.220446049250313e-16,3.9283254065591966e-07,,,,,,,cpu_gelsy,,34019267.7215453,34019267.7215453,,1.6729621553241294
56,0.01870836317539215,0.08349371328949928,6.365221241489053,0.00031185247372585606,0.018399270691788653,0.00031185247372588436,0.01839927069179035,2.3088737981675953,5.253026231040444e-09,3.1399552070026655e-09,2.6832931136925628e-11,-5.19008264462853,True,0.00013506692049317795,7.553794862014981e-09,34019267.72580384,svd,400,400,2.220446049250313e-16,3.9283254062998404e-07,,,,,,,cpu_gelsy,,34019267.72580384,34019267.72580384,,1.6729621554350773
57,0.018251419067382812,0.08366750553250313,6.467140166088939,0.00031185247372590035,0.018399270691791293,0.00031185247372590285,0.01839927069179146,2.3088737981675953,4.497613183108027e-09,2.688412985650275e-09,2.7453210226184313e-11,-0.7242187500000887,True,0.00013506692049318594,7.55379486229942e-09,34019267.72708484,svd,400,400,2.220446049250313e-16,3.92832540635397e-07,,,,,,,cpu_gelsy,,34019267.72708484,34019267.72708484,,1.6729621554235072
58,0.01884547621011734,0.08337016217410564,6.569355804473162,0.0003118524737258191,0.018399270691786523,0.00031185247372585736,0.018399270691788795,2.3088737981675953,7.211392271330713e-09,4.310553141408845e-09,2.6349468073795068e-11,-0.05112910097996744,True,0.00013506692049316624,7.553794861571085e-09,34019267.723804705,svd,400,400,2.220446049250313e-16,3.928325406197385e-07,,,,,,,cpu_gelsy,,34019267.723804705,34019267.723804705,,1.6729621554108591
59,0.01831825077533722,0.08364925533533096,6.67132331058383,0.00031185247372587227,0.018399270691789676,0.00031185247372588507,0.01839927069179046,2.3088737981675953,8.678431449992353e-09,5.187464294926641e-09,2.7450076549773217e-11,1.6236979166665804,True,0.00013506692049317825,7.553794860296034e-09,34019267.718062386,svd,400,400,2.220446049250313e-16,3.928325406156023e-07,,,,,,,cpu_gelsy,,34019267.718062386,34019267.718062386,,1.672962154683881
60,,,6.67132331058383,0.00031185247372595863,0.018399270691794783,,,,,,,,,,,,,,,,3.9283254066088195e-07,,,,,,,,,,,,1.6729621558031524
