k,err,norm_R,norm_Rlin,rel_dbeta,chi,t_assemble_s,t_solve_s
0,1.0,6.2,0.052686191104482694,1.0,,3.390002530068159e-05,8.509994950145483e-05
1,0.18474315911382702,0.5647291052093548,0.11419918962729039,0.13146934686766445,10.83764385535092,4.199997056275606e-05,5.879998207092285e-05
2,0.09013459166735098,0.12224495840995064,0.12045006337366608,0.027366651489765897,0.13482777711552044,4.060007631778717e-05,5.7999975979328156e-05
3,0.11622377959195089,0.12065192541785781,0.12061200614632905,0.0045985719237811255,0.0062059009378494295,2.6799971237778664e-05,4.600000102072954e-05
4,0.11173973538981327,0.1206186855414135,0.12061751144358816,0.0008297418819311824,0.00018947119375597183,3.9100064896047115e-05,5.809997674077749e-05
5,0.11254561714673904,0.12061771972261319,0.12061768268183998,0.00014683665856266137,6.045725975129587e-06,3.909994848072529e-05,5.759997293353081e-05
6,0.11240289604840688,0.12061768925431852,0.12061768808822426,2.607455689259239e-05,1.9000497215196122e-07,3.799994010478258e-05,5.700008478015661e-05
7,0.11242823644452798,0.12061768829519234,0.12061768825845684,4.627355463241181e-06,5.987638264707494e-09,4.309997893869877e-05,5.7900091633200645e-05
8,0.11242373927259898,0.12061768826497665,0.12061768826381937,8.212890367218411e-07,1.8859564836799515e-10,4.000007174909115e-05,5.5299955420196056e-05
9,0.1124245374526153,0.12061768826402502,0.12061768826398858,1.457641765708365e-07,5.940040516631008e-12,4.070007707923651e-05,5.819997750222683e-05
10,0.11242439578977376,0.12061768826399512,0.12061768826399388,2.5870633983969e-08,1.8673033588487992e-13,4.850002005696297e-05,6.660004146397114e-05
11,0.11242442093248813,0.12061768826399413,0.12061768826399412,4.591589643941759e-09,1.3132010243779511e-14,4.0599959902465343e-05,6.019999273121357e-05
12,0.1124244164700915,0.12061768826399392,0.12061768826399408,8.149277088666602e-10,1.3162232888723853e-14,3.720005042850971e-05,5.309993866831064e-05
13,0.11242441726208965,,,,,,
