run,benchmark,config,device,quantity,clean_time_s,clean_time_single_run_s,timing_repeats_s,warmup_run_time_s,iterations,K_max,logged_time_s,logged_source,commit,error,clean_time_timings_s,clean_time_spread,clean_time_rule
bratu_P25_cpu_paper,bratu,P25,cpu,training_time,0.0007287915796041489,0.0007364675402641296,"[0.0007334034889936447, 0.0007286909967660904, 0.0007263850420713425, 0.0007286053150892258, 0.0007241591811180115]",0.0008323360234498978,2,60,0.000727526843547821,/scratch/user/gbenga-awojinrin/lilq-run/lilq-pinn/results/wave2/B_instrumentation/bratu_P25_cpu_paper/summary.json,17b3539826615c696d622dcd2e3833862c793542,,"[0.0007286053150892258, 0.0007287915796041489, 0.0007884465157985687]",1.0821311613709745,median of 3 clean timings: 13a and 14b replicates 1-2
bratu_P100_cpu_paper,bratu,P100,cpu,training_time,0.03190677799284458,0.028572753071784973,"[0.028623312711715698, 0.028444824740290642, 0.031702497974038124, 0.03166007623076439, 0.03142109140753746]",0.0293969064950943,3,60,0.029688676819205284,/scratch/user/gbenga-awojinrin/lilq-run/lilq-pinn/results/wave2/B_instrumentation/bratu_P100_cpu_paper/summary.json,17b3539826615c696d622dcd2e3833862c793542,,"[0.03142109140753746, 0.03190677799284458, 0.0337393619120121]",1.073780712274002,median of 3 clean timings: 13a and 14b replicates 1-2
bratu_P225_cpu_paper,bratu,P225,cpu,training_time,0.19951855763792992,0.19991210103034973,"[0.1994655877351761, 0.19899476505815983, 0.20001176372170448, 0.19889703392982483, 0.1987523604184389]",0.20306648686528206,4,60,0.19512909278273582,/scratch/user/gbenga-awojinrin/lilq-run/lilq-pinn/results/wave2/B_instrumentation/bratu_P225_cpu_paper/summary.json,17b3539826615c696d622dcd2e3833862c793542,,"[0.19899476505815983, 0.2008247748017311, 0.19951855763792992]",1.0091962707814772,median of 3 clean timings: 13a and 14b replicates 1-2
burgers_P25_cpu_paper,burgers,P25,cpu,training_time,0.000841282308101654,0.0008472371846437454,"[0.0008417479693889618, 0.0008408762514591217, 0.0008441656827926636, 0.0008405838161706924, 0.0008445680141448975]",0.0008689668029546738,2,60,0.0009122584015130997,/scratch/user/gbenga-awojinrin/lilq-run/lilq-pinn/results/wave2/B_instrumentation/burgers_P25_cpu_paper/summary.json,17b3539826615c696d622dcd2e3833862c793542,,"[0.0008417479693889618, 0.0008310228586196899, 0.000841282308101654]",1.0129059154727538,median of 3 clean timings: 13a and 14b replicates 1-2
burgers_P100_cpu_paper,burgers,P100,cpu,training_time,0.03245672397315502,0.0310601107776165,"[0.031708013266325, 0.031182894483208656, 0.03106851316988468, 0.031010203063488007, 0.031220700591802597]",0.03177724778652191,3,60,0.031819360330700874,/scratch/user/gbenga-awojinrin/lilq-run/lilq-pinn/results/wave2/B_instrumentation/burgers_P100_cpu_paper/summary.json,17b3539826615c696d622dcd2e3833862c793542,,"[0.031182894483208656, 0.03245672397315502, 0.03337517939507961]",1.070304086525754,median of 3 clean timings: 13a and 14b replicates 1-2
burgers_P225_cpu_paper,burgers,P225,cpu,training_time,0.150970371440053,0.14989466406404972,"[0.15441956371068954, 0.150970371440053, 0.15008287876844406, 0.15180367231369019, 0.15018893219530582]",0.1502805259078741,3,60,0.15219144523143768,/scratch/user/gbenga-awojinrin/lilq-run/lilq-pinn/results/wave2/B_instrumentation/burgers_P225_cpu_paper/summary.json,17b3539826615c696d622dcd2e3833862c793542,,"[0.150970371440053, 0.15280639939010143, 0.14962587505578995]",1.0212565128399456,median of 3 clean timings: 13a and 14b replicates 1-2
burgers_P400_cpu_paper,burgers,P400,cpu,training_time,0.42945947125554085,0.43152801878750324,"[0.43033321015536785, 0.42935026809573174, 0.42945947125554085, 0.42986224591732025, 0.4288271889090538]",0.44693651981651783,4,60,0.4277112800627947,/scratch/user/gbenga-awojinrin/lilq-run/lilq-pinn/results/wave2/B_instrumentation/burgers_P400_cpu_paper/summary.json,17b3539826615c696d622dcd2e3833862c793542,,"[0.42945947125554085, 0.4315998647361994, 0.42356354743242264]",1.0189731088817526,median of 3 clean timings: 13a and 14b replicates 1-2
burgers_P625_cpu_paper,burgers,P625,cpu,training_time,1.1827266979962587,1.1576726790517569,,2.6802162155508995,4,60,1.181029673665762,/scratch/user/gbenga-awojinrin/lilq-run/lilq-pinn/results/wave2/B_instrumentation/burgers_P625_cpu_paper/summary.json,17b3539826615c696d622dcd2e3833862c793542,,"[1.1576726790517569, 1.1827266979962587, 1.1875965967774391]",1.0258483406122987,median of 3 clean timings: 13a and 14b replicates 1-2
bl_P64_cpu_paper,bl,P64,cpu,training_time,0.05306994356215,0.051910150796175,"[0.052213968709111214, 0.05136691406369209, 0.05173151195049286, 0.051558975130319595, 0.051151812076568604]",0.05599957890808582,10,60,0.05634776130318642,/scratch/user/gbenga-awojinrin/lilq-run/lilq-pinn/results/wave2/B_instrumentation/bl_P64_cpu_paper/summary.json,17b3539826615c696d622dcd2e3833862c793542,,"[0.051558975130319595, 0.05306994356215, 0.057235850021243095]",1.1101044944468879,median of 3 clean timings: 13a and 14b replicates 1-2
bl_P256_cpu_paper,bl,P256,cpu,training_time,0.24020705558359623,0.242739450186491,"[0.24033344350755215, 0.2393578290939331, 0.24443692527711391, 0.24020705558359623, 0.23980638198554516]",0.2442063670605421,4,60,0.24407607689499855,/scratch/user/gbenga-awojinrin/lilq-run/lilq-pinn/results/wave2/B_instrumentation/bl_P256_cpu_paper/summary.json,17b3539826615c696d622dcd2e3833862c793542,,"[0.24020705558359623, 0.246609253808856, 0.23921933770179749]",1.0308918007133292,median of 3 clean timings: 13a and 14b replicates 1-2
bl_P576_cpu_paper,bl,P576,cpu,training_time,0.9428386557847261,0.9483753275126219,"[0.9428386557847261, 0.9336912930011749, 0.9425608366727829, 0.9657776355743408, 0.9452460929751396]",0.9426181428134441,4,60,0.9699343219399452,/scratch/user/gbenga-awojinrin/lilq-run/lilq-pinn/results/wave2/B_instrumentation/bl_P576_cpu_paper/summary.json,17b3539826615c696d622dcd2e3833862c793542,,"[0.9428386557847261, 0.9455036520957947, 0.9312712531536818]",1.0152827641720024,median of 3 clean timings: 13a and 14b replicates 1-2
bl_P1024_cpu_paper,bl,P1024,cpu,training_time,3.8848941642791033,3.8848941642791033,,3.891846215352416,4,60,3.8993446845561266,/scratch/user/gbenga-awojinrin/lilq-run/lilq-pinn/results/wave2/B_instrumentation/bl_P1024_cpu_paper/summary.json,17b3539826615c696d622dcd2e3833862c793542,,"[3.8848941642791033, 3.957916369661689, 3.757106462493539]",1.0534480215487094,median of 3 clean timings: 13a and 14b replicates 1-2
bl_gravity_P64_cpu_paper,bl_gravity,P64,cpu,training_time,0.24430492892861366,0.2431706003844738,"[0.23877808265388012, 0.23996182344853878, 0.2410384602844715, 0.24009891971945763, 0.24038338102400303]",0.24062778428196907,43,60,0.27555568888783455,/scratch/user/gbenga-awojinrin/lilq-run/lilq-pinn/results/wave4/B_instrumentation/bl_gravity_P64_cpu_paper/summary.json,17b3539826615c696d622dcd2e3833862c793542,,"[0.24009891971945763, 0.2474562767893076, 0.24430492892861366]",1.0306430244602793,median of 3 clean timings: 13a and 14b replicates 1-2
bl_gravity_P256_cpu_paper,bl_gravity,P256,cpu,training_time,0.71748261526227,3.169019389897585,,0.7247867528349161,12,60,0.7386190425604582,/scratch/user/gbenga-awojinrin/lilq-run/lilq-pinn/results/wave2/B_instrumentation/bl_gravity_P256_cpu_paper/summary.json,17b3539826615c696d622dcd2e3833862c793542,,"[3.169019389897585, 0.71748261526227, 0.6539408639073372]",4.846033586221386,median of 3 clean timings: 13a and 14b replicates 1-2
bl_gravity_P576_cpu_paper,bl_gravity,P576,cpu,training_time,1.2207422628998756,1.2207422628998756,,1.7636408153921366,5,60,1.2464991621673107,/scratch/user/gbenga-awojinrin/lilq-run/lilq-pinn/results/wave2/B_instrumentation/bl_gravity_P576_cpu_paper/summary.json,17b3539826615c696d622dcd2e3833862c793542,,"[1.2207422628998756, 1.2365010473877192, 1.2055706065148115]",1.02565626658925,median of 3 clean timings: 13a and 14b replicates 1-2
bl_gravity_P1024_cpu_paper,bl_gravity,P1024,cpu,training_time,4.224440401419997,4.224440401419997,,4.222146036103368,5,60,4.359783731400967,/scratch/user/gbenga-awojinrin/lilq-run/lilq-pinn/results/wave2/B_instrumentation/bl_gravity_P1024_cpu_paper/summary.json,17b3539826615c696d622dcd2e3833862c793542,,"[4.224440401419997, 4.252434879541397, 4.163906272500753]",1.021260950954949,median of 3 clean timings: 13a and 14b replicates 1-2
elasticity_P50_cpu_paper,elasticity,P50,cpu,time_lil_s,0.003950025886297226,0.00395706482231617,"[0.003959402441978455, 0.0038032829761505127, 0.0038615968078374863, 0.0037645138800144196, 0.0038168802857398987]",0.004294710233807564,1,,0.004193833097815514,/scratch/user/gbenga-awojinrin/lilq-run/lilq-pinn/results/wave2/B_instrumentation/elasticity_P50_cpu_paper/summary.json,17b3539826615c696d622dcd2e3833862c793542,,"[0.0038168802857398987, 0.0039917826652526855, 0.003950025886297226]",1.0458233862262416,median of 3 clean timings: 13a and 14b replicates 1-2
elasticity_P50_cpu_paper,elasticity,P50,cpu,solve_time_qr,0.002089347690343857,0.002028627321124077,"[0.002088421955704689, 0.001948850229382515, 0.0019985418766736984, 0.0019097942858934402, 0.00196884386241436]",0.00198175385594368,1,,0.002006843686103821,/scratch/user/gbenga-awojinrin/lilq-run/lilq-pinn/results/wave2/B_instrumentation/elasticity_P50_cpu_paper/summary.json,17b3539826615c696d622dcd2e3833862c793542,,"[0.00196884386241436, 0.0021269842982292175, 0.002089347690343857]",1.0803214713130844,median of 3 clean timings: 13a and 14b replicates 1-2
elasticity_P200_cpu_paper,elasticity,P200,cpu,time_lil_s,0.046007065102458,0.04595047049224377,"[0.045738205313682556, 0.04574117995798588, 0.045621251687407494, 0.045770520344376564, 0.04579751752316952]",0.045632265508174896,1,,0.04780593141913414,/scratch/user/gbenga-awojinrin/lilq-run/lilq-pinn/results/wave2/B_instrumentation/elasticity_P200_cpu_paper/summary.json,17b3539826615c696d622dcd2e3833862c793542,,"[0.04574117995798588, 0.049900857731699944, 0.046007065102458]",1.0909394505680616,median of 3 clean timings: 13a and 14b replicates 1-2
elasticity_P200_cpu_paper,elasticity,P200,cpu,solve_time_qr,0.038152819499373436,0.038101883605122566,"[0.03814515843987465, 0.038152819499373436, 0.038108931854367256, 0.038228049874305725, 0.038234174251556396]",0.03850080072879791,1,,0.03922065161168575,/scratch/user/gbenga-awojinrin/lilq-run/lilq-pinn/results/wave2/B_instrumentation/elasticity_P200_cpu_paper/summary.json,17b3539826615c696d622dcd2e3833862c793542,,"[0.038152819499373436, 0.042021481320261955, 0.037780025973916054]",1.1122671368535921,median of 3 clean timings: 13a and 14b replicates 1-2
elasticity_P450_cpu_paper,elasticity,P450,cpu,time_lil_s,0.13904553093016148,0.13934728503227234,"[0.13899736106395721, 0.13904553093016148, 0.13905193097889423, 0.13883212953805923, 0.1410395298153162]",0.13143240660429,1,,0.13877473026514053,/scratch/user/gbenga-awojinrin/lilq-run/lilq-pinn/results/wave2/B_instrumentation/elasticity_P450_cpu_paper/summary.json,17b3539826615c696d622dcd2e3833862c793542,,"[0.13904553093016148, 0.14349937811493874, 0.1257922239601612]",1.1407650934002522,median of 3 clean timings: 13a and 14b replicates 1-2
elasticity_P450_cpu_paper,elasticity,P450,cpu,solve_time_qr,0.10195367783308029,0.10203831270337105,"[0.10195367783308029, 0.10200728289783001, 0.10186090134084225, 0.10183816775679588, 0.10407189466059208]",0.10174285806715488,1,,0.10362847335636616,/scratch/user/gbenga-awojinrin/lilq-run/lilq-pinn/results/wave2/B_instrumentation/elasticity_P450_cpu_paper/summary.json,17b3539826615c696d622dcd2e3833862c793542,,"[0.10195367783308029, 0.10702863149344921, 0.09760459326207638]",1.0965532247654424,median of 3 clean timings: 13a and 14b replicates 1-2
elasticity_P800_cpu_paper,elasticity,P800,cpu,time_lil_s,0.4047407694160938,0.4001608658581972,"[0.398291340097785, 0.3991028070449829, 0.4047407694160938, 0.4062812812626362, 0.4086279794573784]",0.3998900856822729,1,,0.42221746407449245,/scratch/user/gbenga-awojinrin/lilq-run/lilq-pinn/results/wave2/B_instrumentation/elasticity_P800_cpu_paper/summary.json,17b3539826615c696d622dcd2e3833862c793542,,"[0.4047407694160938, 0.40816298872232437, 0.38223508186638355]",1.0678323578498856,median of 3 clean timings: 13a and 14b replicates 1-2
elasticity_P800_cpu_paper,elasticity,P800,cpu,solve_time_qr,0.299589304253459,0.29479287192225456,"[0.29454592429101467, 0.2952638044953346, 0.299589304253459, 0.3025083262473345, 0.304145235568285]",0.2943520601838827,1,,0.3128655832260847,/scratch/user/gbenga-awojinrin/lilq-run/lilq-pinn/results/wave2/B_instrumentation/elasticity_P800_cpu_paper/summary.json,17b3539826615c696d622dcd2e3833862c793542,,"[0.299589304253459, 0.3027202859520912, 0.2842767406255007]",1.064878840548153,median of 3 clean timings: 13a and 14b replicates 1-2
elasticity_P1250_cpu_paper,elasticity,P1250,cpu,time_lil_s,1.040124787017703,1.0421808548271656,,1.039065856486559,1,,1.0808141119778156,/scratch/user/gbenga-awojinrin/lilq-run/lilq-pinn/results/wave2/B_instrumentation/elasticity_P1250_cpu_paper/summary.json,17b3539826615c696d622dcd2e3833862c793542,,"[1.0421808548271656, 1.040124787017703, 1.0080509912222624]",1.033857278949273,median of 3 clean timings: 13a and 14b replicates 1-2
elasticity_P1250_cpu_paper,elasticity,P1250,cpu,solve_time_qr,0.7970530167222023,0.800001373514533,,0.7959966138005257,1,,0.8301731646060944,/scratch/user/gbenga-awojinrin/lilq-run/lilq-pinn/results/wave2/B_instrumentation/elasticity_P1250_cpu_paper/summary.json,17b3539826615c696d622dcd2e3833862c793542,,"[0.800001373514533, 0.7970530167222023, 0.7682607006281614]",1.0413149766224137,median of 3 clean timings: 13a and 14b replicates 1-2
kovasznay_P75_cpu_paper,kovasznay,P75,cpu,solve_time_total,0.055804187431931496,0.05572029389441013,"[0.0553512554615736, 0.05599084496498108, 0.055777523666620255, 0.055804187431931496, 0.05591130256652832]",0.05555451102554798,16,60,0.05609236843883991,/scratch/user/gbenga-awojinrin/lilq-run/lilq-pinn/results/wave2/B_instrumentation/kovasznay_P75_cpu_paper/summary.json,17b3539826615c696d622dcd2e3833862c793542,,"[0.055804187431931496, 0.05744130536913872, 0.05438450537621975]",1.056207185700646,median of 3 clean timings: 13a and 14b replicates 1-2
kovasznay_P300_cpu_paper,kovasznay,P300,cpu,solve_time_total,0.29497927241027355,0.2953426782041788,"[0.2950637675821781, 0.2959191631525755, 0.2940438035875559, 0.29354036040604115, 0.29497927241027355]",0.2940938714891672,9,60,0.2961670607328415,/scratch/user/gbenga-awojinrin/lilq-run/lilq-pinn/results/wave2/B_instrumentation/kovasznay_P300_cpu_paper/summary.json,17b3539826615c696d622dcd2e3833862c793542,,"[0.29497927241027355, 0.3172472808510065, 0.2822468038648367]",1.1240066371236253,median of 3 clean timings: 13a and 14b replicates 1-2
kovasznay_P675_cpu_paper,kovasznay,P675,cpu,solve_time_total,0.6397423036396503,0.6400522645562887,"[0.6397423036396503, 0.6418266799300909, 0.6394494771957397, 0.6391174457967281, 0.6475946493446827]",1.7118058037012815,6,60,0.6509198844432831,/scratch/user/gbenga-awojinrin/lilq-run/lilq-pinn/results/wave2/B_instrumentation/kovasznay_P675_cpu_paper/summary.json,17b3539826615c696d622dcd2e3833862c793542,,"[0.6397423036396503, 0.6595329791307449, 0.6052308026701212]",1.0897214355598834,median of 3 clean timings: 13a and 14b replicates 1-2
kovasznay_P1200_cpu_paper,kovasznay,P1200,cpu,solve_time_total,1.666234564036131,1.666234564036131,,1.6664958354085684,6,60,1.7344665452837944,/scratch/user/gbenga-awojinrin/lilq-run/lilq-pinn/results/wave2/B_instrumentation/kovasznay_P1200_cpu_paper/summary.json,17b3539826615c696d622dcd2e3833862c793542,,"[1.666234564036131, 1.6810644753277302, 1.5962012950330973]",1.0531657132209464,median of 3 clean timings: 13a and 14b replicates 1-2
kovasznay_P1875_cpu_paper,kovasznay,P1875,cpu,solve_time_total,4.25593089312315,4.328708857297897,,4.320568788796663,6,60,4.319803522899747,/scratch/user/gbenga-awojinrin/lilq-run/lilq-pinn/results/wave2/B_instrumentation/kovasznay_P1875_cpu_paper/summary.json,17b3539826615c696d622dcd2e3833862c793542,,"[4.328708857297897, 4.25593089312315, 4.0499500427395105]",1.0688301859570164,median of 3 clean timings: 13a and 14b replicates 1-2
beltrami_P7984_cpu_paper,beltrami,P7984,cpu,solve_time_total,282.45822896808386,282.45822896808386,,246.6539717465639,4,60,302.73068008571863,/scratch/user/gbenga-awojinrin/lilq-run/lilq-pinn/results/wave2/B_instrumentation/beltrami_P7984_cpu_paper/summary.json,17b3539826615c696d622dcd2e3833862c793542,,"[282.45822896808386, 289.2574373036623, 261.8172962125391]",1.1048064489553346,median of 3 clean timings: 13a and 14b replicates 1-2
beltrami_pinned,beltrami_pinned,P7984,cpu,solve_time_total,267.18489447422326,266.9718537032604,,286.25438354350626,4,60,266.8859593886882,/scratch/user/gbenga-awojinrin/lilq-run/lilq-pinn/results/wave1/B_instrumentation/beltrami_pinned/report.json,17b3539826615c696d622dcd2e3833862c793542,,"[266.9718537032604, 280.54708495922387, 267.18489447422326]",1.0508489230892943,median of 3 clean timings: 13a and 14b replicates 1-2
darcy_S1_cpu_paper,darcy,S1,cpu,total_time,29.342367002740502,29.56323845498264,,25.514187067747116,1,,27.119806051254272,/scratch/user/gbenga-awojinrin/lilq-run/lilq-pinn/results/wave2/B_instrumentation/darcy_S1_cpu_paper/summary.json,17b3539826615c696d622dcd2e3833862c793542,,"[29.56323845498264, 27.450982747599483, 29.342367002740502]",1.0769464513093931,median of 3 clean timings: 13a and 14b replicates 1-2
darcy_S2_cpu_paper,darcy,S2,cpu,total_time,28.156152030453086,20.68706621788442,,23.153032748028636,1,,23.430363908410072,/scratch/user/gbenga-awojinrin/lilq-run/lilq-pinn/results/wave2/B_instrumentation/darcy_S2_cpu_paper/summary.json,17b3539826615c696d622dcd2e3833862c793542,,"[20.68706621788442, 29.011539097875357, 28.156152030453086]",1.402399875957,median of 3 clean timings: 13a and 14b replicates 1-2
darcy_S3_cpu_paper,darcy,S3,cpu,total_time,27.309030825272202,27.309030825272202,,22.257579354569316,1,,27.83236687630415,/scratch/user/gbenga-awojinrin/lilq-run/lilq-pinn/results/wave2/B_instrumentation/darcy_S3_cpu_paper/summary.json,17b3539826615c696d622dcd2e3833862c793542,,"[27.309030825272202, 21.09314543567598, 28.114541290327907]",1.3328757143434977,median of 3 clean timings: 13a and 14b replicates 1-2
darcy_SPE10_cpu_paper,darcy,SPE10,cpu,total_time,22.924145126715302,19.484482569620013,,20.019566766917706,1,,21.127313440665603,/scratch/user/gbenga-awojinrin/lilq-run/lilq-pinn/results/wave2/B_instrumentation/darcy_SPE10_cpu_paper/summary.json,17b3539826615c696d622dcd2e3833862c793542,,"[19.484482569620013, 25.768728559836745, 22.924145126715302]",1.322525680000097,median of 3 clean timings: 13a and 14b replicates 1-2
kovasznay_P75_cuda_paper,kovasznay,P75,cuda,solve_time_total,0.04252987168729305,0.050148919224739075,"[0.04934591427445412, 0.04835708439350128, 0.04250311851501465, 0.04252987168729305, 0.042527347803115845]",7.278359945863485,16,60,0.04770612437278032,/scratch/user/gbenga-awojinrin/lilq-run/lilq-pinn/results/wave2/B_instrumentation/kovasznay_P75_cuda_paper/summary.json,17b3539826615c696d622dcd2e3833862c793542,,,,"13b (GPU): one clean timing, the median of five under 1 s"
kovasznay_P300_cuda_paper,kovasznay,P300,cuda,solve_time_total,0.05948529578745365,0.05341600254178047,"[0.051552651450037956, 0.05921596474945545, 0.05967106856405735, 0.05948529578745365, 0.06114588864147663]",1.3048802874982357,9,60,0.060573735274374485,/scratch/user/gbenga-awojinrin/lilq-run/lilq-pinn/results/wave2/B_instrumentation/kovasznay_P300_cuda_paper/summary.json,17b3539826615c696d622dcd2e3833862c793542,,,,"13b (GPU): one clean timing, the median of five under 1 s"
kovasznay_P675_cuda_paper,kovasznay,P675,cuda,solve_time_total,0.1471511647105217,0.1471696775406599,"[0.14713571034371853, 0.14739696495234966, 0.1471511647105217, 0.1487676240503788, 0.1457699965685606]",0.14981568418443203,6,60,0.15604507829993963,/scratch/user/gbenga-awojinrin/lilq-run/lilq-pinn/results/wave2/B_instrumentation/kovasznay_P675_cuda_paper/summary.json,17b3539826615c696d622dcd2e3833862c793542,,,,"13b (GPU): one clean timing, the median of five under 1 s"
kovasznay_P1200_cuda_paper,kovasznay,P1200,cuda,solve_time_total,0.3877680953592062,0.42534465342760086,"[0.38619403913617134, 0.3865535072982311, 0.3877680953592062, 0.3897895608097315, 0.4054419416934252]",0.7719674855470657,6,60,0.42109850980341434,/scratch/user/gbenga-awojinrin/lilq-run/lilq-pinn/results/wave2/B_instrumentation/kovasznay_P1200_cuda_paper/summary.json,17b3539826615c696d622dcd2e3833862c793542,,,,"13b (GPU): one clean timing, the median of five under 1 s"
kovasznay_P1875_cuda_paper,kovasznay,P1875,cuda,solve_time_total,0.859336955472827,0.8698357343673706,"[0.8599732480943203, 0.8582817632704973, 0.8576106783002615, 0.859336955472827, 1.1203196309506893]",0.9147110879421234,6,60,1.1416657557711005,/scratch/user/gbenga-awojinrin/lilq-run/lilq-pinn/results/wave2/B_instrumentation/kovasznay_P1875_cuda_paper/summary.json,17b3539826615c696d622dcd2e3833862c793542,,,,"13b (GPU): one clean timing, the median of five under 1 s"
