status,benchmark,config,quantity,paper_value,rerun_value,ratio,kind,tolerance,source,note
violation,bratu,P225,LiL-Q iterations,3,4,1.3333333333333333,iterations,equal,Table 2,
violation,bl,P64,LiL-Q iterations,11,10,0.9090909090909091,iterations,equal,Table 5,
violation,bl_gravity,P64,LiL-Q iterations,9,20,2.2222222222222223,iterations,equal,Table 6,"basis changed to cos_fourier and loss targets retargeted (DECISIONS.md) -- a deliberate deviation, not expected to reproduce"
violation,bl_gravity,P256,LiL-Q iterations,7,12,1.7142857142857142,iterations,equal,Table 6,"basis changed to cos_fourier and loss targets retargeted (DECISIONS.md) -- a deliberate deviation, not expected to reproduce"
violation,bl_gravity,P576,LiL-Q iterations,10,5,0.5,iterations,equal,Table 6,"basis changed to cos_fourier and loss targets retargeted (DECISIONS.md) -- a deliberate deviation, not expected to reproduce"
violation,bl_gravity,P1024,LiL-Q iterations,8,5,0.625,iterations,equal,Table 6,"basis changed to cos_fourier and loss targets retargeted (DECISIONS.md) -- a deliberate deviation, not expected to reproduce"
violation,kovasznay,P300,iterations,10,9,0.9,iterations,equal,Table 9,
violation,kovasznay,P675,E_p,0.00081,0.00011425050235961955,0.14105000291311057,error,factor 2,Table 9,
violation,kovasznay,P1200,E_p,1.4e-07,5.294768459147181e-08,0.3781977470819415,error,factor 2,Table 9,
violation,kovasznay,P1875,E_p,1.3e-11,1.8498539171809582e-12,0.142296455167766,error,factor 2,Table 9,
violation,darcy,S3,Darcy-x MSE,0.197,0.0029655071502309753,0.015053335787974494,residual,factor 2,Table 14,
violation,bl,P1024,numerical rank,934,936,1.0021413276231264,rank,equal,Table 15,
violation,bl_gravity,P64,kappa (final iterate),7800.0,106.03689271481124,0.0135944734249758,condition,factor 10,Table 15,"basis changed to cos_fourier and loss targets retargeted (DECISIONS.md) -- a deliberate deviation, not expected to reproduce"
violation,bl_gravity,P1024,kappa (final iterate),4.5e+16,1382011192039.1,3.0711359823091114e-05,condition,factor 10,Table 15,"basis changed to cos_fourier and loss targets retargeted (DECISIONS.md) -- a deliberate deviation, not expected to reproduce"
violation,bl_gravity,P1024,numerical rank,936,1003,1.0715811965811965,rank,equal,Table 15,"basis changed to cos_fourier and loss targets retargeted (DECISIONS.md) -- a deliberate deviation, not expected to reproduce"
round-off,elasticity,P200,E_syy,6.7e-16,3.0545206021032845e-16,0.4558985973288484,error,factor 2,Table 7,
round-off,elasticity,P450,E_sxx,1.1e-15,4.870609784651632e-16,0.44278270769560296,error,factor 2,Table 7,
round-off,elasticity,P450,E_syy,1.1e-15,5.175401178077644e-16,0.4704910161888768,error,factor 2,Table 7,
round-off,elasticity,P800,E_ux,1.6e-15,5.405259126611724e-16,0.3378286954132328,error,factor 2,Table 7,"machine-precision level: a factor-2 miss is round-off, not a reproduction failure"
round-off,elasticity,P800,E_sxx,1.4e-15,2.582465138735155e-16,0.18446179562393963,error,factor 2,Table 7,
round-off,elasticity,P800,E_syy,1e-15,4.545145104690406e-16,0.4545145104690405,error,factor 2,Table 7,
round-off,elasticity,P1250,E_ux,3e-15,1.1693123486538259e-15,0.38977078288460865,error,factor 2,Table 7,"machine-precision level: a factor-2 miss is round-off, not a reproduction failure"
round-off,elasticity,P1250,E_sxx,2.6e-15,9.881076851377992e-16,0.380041417360692,error,factor 2,Table 7,
round-off,elasticity,P1250,E_syy,2.2e-15,7.179785177053522e-16,0.326353871684251,error,factor 2,Table 7,
round-off,elasticity,P1250,E_sxy,2.3e-15,1.0264825139169066e-15,0.4462967451812638,error,factor 2,Table 7,
reported,bratu,P25,LiL-Q runtime (s),0.0004,0.0005006752908229828,1.251688227057457,time,none (report only),Table 2,
reported,bratu,P100,LiL-Q runtime (s),0.032,0.028961293399333954,0.9050404187291861,time,none (report only),Table 2,
reported,bratu,P225,LiL-Q runtime (s),0.14,0.1923740915954113,1.3741006542529377,time,none (report only),Table 2,
reported,burgers,P25,LiL-Q runtime (s),0.0005,0.0006300080567598343,1.2600161135196686,time,none (report only),Table 3,
reported,burgers,P100,LiL-Q runtime (s),0.036,0.03088679164648056,0.8579664346244601,time,none (report only),Table 3,
reported,burgers,P225,LiL-Q runtime (s),0.12,0.14905831217765808,1.242152601480484,time,none (report only),Table 3,
reported,burgers,P400,LiL-Q runtime (s),0.51,0.43171494267880917,0.8464998876055082,time,none (report only),Table 3,
reported,burgers,P625,LiL-Q runtime (s),1.26,1.1701318062841892,0.9286760367334835,time,none (report only),Table 3,
reported,bl,P64,LiL-Q runtime (s),0.052,0.0469455998390913,0.902799996905602,time,none (report only),Table 5,
reported,bl,P256,LiL-Q runtime (s),0.26,0.2407258953899145,0.9258688284227481,time,none (report only),Table 5,
reported,bl,P576,LiL-Q runtime (s),1.33,0.9662723038345575,0.7265205291989154,time,none (report only),Table 5,
reported,bl,P1024,LiL-Q runtime (s),4.16,3.8618538714945316,0.9283302575708008,time,none (report only),Table 5,
reported,bl_gravity,P64,LiL-Q runtime (s),0.05,0.10211207717657089,2.042241543531418,time,none (report only),Table 6,"basis changed to cos_fourier and loss targets retargeted (DECISIONS.md) -- a deliberate deviation, not expected to reproduce"
reported,bl_gravity,P256,LiL-Q runtime (s),0.49,0.7273293994367123,1.4843457131361475,time,none (report only),Table 6,"basis changed to cos_fourier and loss targets retargeted (DECISIONS.md) -- a deliberate deviation, not expected to reproduce"
reported,bl_gravity,P576,LiL-Q runtime (s),3.16,1.2276776656508446,0.3885055903958369,time,none (report only),Table 6,"basis changed to cos_fourier and loss targets retargeted (DECISIONS.md) -- a deliberate deviation, not expected to reproduce"
reported,bl_gravity,P1024,LiL-Q runtime (s),9.18,4.317529978230596,0.47031916974189497,time,none (report only),Table 6,"basis changed to cos_fourier and loss targets retargeted (DECISIONS.md) -- a deliberate deviation, not expected to reproduce"
reported,elasticity,P50,QR solve time (s),0.007,0.002006843686103821,0.2866919551576887,time,none (report only),Table 7,
reported,elasticity,P200,QR solve time (s),0.029,0.03922065161168575,1.3524362624719224,time,none (report only),Table 7,
reported,elasticity,P450,QR solve time (s),0.106,0.10362847335636616,0.9776271071355298,time,none (report only),Table 7,
reported,elasticity,P800,QR solve time (s),0.283,0.3128655832260847,1.1055320962052464,time,none (report only),Table 7,
reported,elasticity,P1250,QR solve time (s),1.03,0.8301731646060944,0.8059933636952372,time,none (report only),Table 7,
reported,kovasznay,P75,runtime (s),0.06,0.05327090993523598,0.8878484989205997,time,none (report only),Table 9,
reported,kovasznay,P300,runtime (s),0.22,0.29116793163120747,1.3234905983236702,time,none (report only),Table 9,
reported,kovasznay,P675,runtime (s),0.67,0.6366713400930166,0.9502557314821143,time,none (report only),Table 9,
reported,kovasznay,P1200,runtime (s),1.87,1.6853283625096083,0.9012451136415017,time,none (report only),Table 9,
reported,kovasznay,P1875,runtime (s),5.58,4.216838572174311,0.7557058373072242,time,none (report only),Table 9,
reported,beltrami,P7984,wall time (s),300.0,302.73068008571863,1.0091022669523955,time,none (report only),"Table 11 caption (""about 5 min"")",
reported,darcy,S1,runtime (s),24,27.119806051254272,1.1299919188022614,time,none (report only),Table 14,
reported,darcy,S2,runtime (s),23,23.430363908410072,1.018711474278699,time,none (report only),Table 14,
reported,darcy,S3,runtime (s),23,27.83236687630415,1.2101029076653977,time,none (report only),Table 14,
reported,darcy,SPE10,runtime (s),24,21.127313440665603,0.8803047266944001,time,none (report only),Table 14,
ok,bratu,P25,LiL-Q iterations,2,2,1.0,iterations,equal,Table 2,
ok,bratu,P100,LiL-Q iterations,3,3,1.0,iterations,equal,Table 2,
ok,burgers,P25,LiL-Q iterations,2,2,1.0,iterations,equal,Table 3,
ok,burgers,P100,LiL-Q iterations,3,3,1.0,iterations,equal,Table 3,
ok,burgers,P225,LiL-Q iterations,3,3,1.0,iterations,equal,Table 3,
ok,burgers,P400,LiL-Q iterations,4,4,1.0,iterations,equal,Table 3,
ok,burgers,P625,LiL-Q iterations,4,4,1.0,iterations,equal,Table 3,
ok,bl,P256,LiL-Q iterations,4,4,1.0,iterations,equal,Table 5,
ok,bl,P576,LiL-Q iterations,4,4,1.0,iterations,equal,Table 5,
ok,bl,P1024,LiL-Q iterations,4,4,1.0,iterations,equal,Table 5,
ok,elasticity,P50,E_ux,6.5e-16,8.141665074885055e-16,1.2525638576746239,error,factor 2,Table 7,"machine-precision level: a factor-2 miss is round-off, not a reproduction failure"
ok,elasticity,P50,E_uy,1e-15,8.471608477378628e-16,0.8471608477378627,error,factor 2,Table 7,
ok,elasticity,P50,E_sxx,2.4e-16,2.4559499415331e-16,1.0233124756387917,error,factor 2,Table 7,
ok,elasticity,P50,E_syy,3.7e-16,3.1627912415329586e-16,0.8548084436575564,error,factor 2,Table 7,
ok,elasticity,P50,E_sxy,8.6e-16,1.0159976433338565e-15,1.1813926085277402,error,factor 2,Table 7,
ok,elasticity,P200,E_ux,7.1e-16,5.772542425461757e-16,0.8130341444312333,error,factor 2,Table 7,"machine-precision level: a factor-2 miss is round-off, not a reproduction failure"
ok,elasticity,P200,E_uy,9.3e-16,6.60424289571898e-16,0.7101336447009656,error,factor 2,Table 7,
ok,elasticity,P200,E_sxx,4.3e-16,2.966591197320068e-16,0.6899049296093182,error,factor 2,Table 7,
ok,elasticity,P200,E_sxy,9e-16,8.026746777958241e-16,0.8918607531064712,error,factor 2,Table 7,
ok,elasticity,P450,E_ux,1.2e-15,6.688821303888881e-16,0.5574017753240734,error,factor 2,Table 7,"machine-precision level: a factor-2 miss is round-off, not a reproduction failure"
ok,elasticity,P450,E_uy,9.1e-16,1.0067176346793489e-15,1.1062831150322516,error,factor 2,Table 7,
ok,elasticity,P450,E_sxy,1.4e-15,8.102588476497318e-16,0.5787563197498083,error,factor 2,Table 7,
ok,elasticity,P800,E_uy,1.6e-15,8.12083911773217e-16,0.5075524448582607,error,factor 2,Table 7,
ok,elasticity,P800,E_sxy,1.2e-15,7.036897183401911e-16,0.5864080986168259,error,factor 2,Table 7,
ok,elasticity,P1250,E_uy,2.2e-15,1.6300473037785935e-15,0.7409305926266334,error,factor 2,Table 7,
ok,kovasznay,P75,iterations,16,16,1.0,iterations,equal,Table 9,
ok,kovasznay,P75,E_u,0.38,0.37580811603532155,0.9889687264087409,error,factor 2,Table 9,
ok,kovasznay,P75,E_v,1.2,1.2142649699665893,1.0118874749721578,error,factor 2,Table 9,
ok,kovasznay,P75,E_p,0.88,0.8790912987619017,0.9989673849567066,error,factor 2,Table 9,
ok,kovasznay,P300,E_u,0.029,0.02885634689706792,0.99504644472648,error,factor 2,Table 9,
ok,kovasznay,P300,E_v,0.13,0.12957534942996463,0.996733457153574,error,factor 2,Table 9,
ok,kovasznay,P300,E_p,0.48,0.4826619470209944,1.005545722960405,error,factor 2,Table 9,
ok,kovasznay,P675,iterations,6,6,1.0,iterations,equal,Table 9,
ok,kovasznay,P675,E_u,2e-05,1.2255865656720753e-05,0.6127932828360376,error,factor 2,Table 9,
ok,kovasznay,P675,E_v,0.00013,9.855351220060604e-05,0.758103940004662,error,factor 2,Table 9,
ok,kovasznay,P1200,iterations,6,6,1.0,iterations,equal,Table 9,
ok,kovasznay,P1200,E_u,7.2e-09,7.330131441103086e-09,1.0180738112643175,error,factor 2,Table 9,
ok,kovasznay,P1200,E_v,2.6e-08,2.532872855587801e-08,0.9741818675337697,error,factor 2,Table 9,
ok,kovasznay,P1875,iterations,6,6,1.0,iterations,equal,Table 9,
ok,kovasznay,P1875,E_u,7.2e-13,6.973876139148943e-13,0.968593908215131,error,factor 2,Table 9,
ok,kovasznay,P1875,E_v,5.3e-12,5.339565759437633e-12,1.0074652376297422,error,factor 2,Table 9,
ok,beltrami,P7984,iterations,4,4,1.0,iterations,equal,Table 11 caption,
ok,beltrami,P7984,E_u entire domain,0.000345,0.0003445318419933864,0.9986430202706852,error,factor 2,Table 11,
ok,beltrami,P7984,E_v entire domain,0.000345,0.0003445318419932393,0.998643020270259,error,factor 2,Table 11,
ok,beltrami,P7984,E_p entire domain,0.00261,0.002613878861379968,1.0014861537854283,error,factor 2,Table 11,
ok,beltrami,P7984,E_u t=0.00,0.00014000000000000001,0.00013555135145262005,0.968223938947286,error,factor 2,Table 11,
ok,beltrami,P7984,E_p t=0.00,0.00146,0.0014625029274976105,1.001714333902473,error,factor 2,Table 11,
ok,beltrami,P7984,E_u t=0.25,0.00041,0.0004141399867785187,1.0100975287280944,error,factor 2,Table 11,
ok,beltrami,P7984,E_p t=0.25,0.0028199999999999996,0.0028215465753505657,1.000548430975378,error,factor 2,Table 11,
ok,beltrami,P7984,E_u t=0.50,0.00037,0.0003737026201078769,1.0100070813726403,error,factor 2,Table 11,
ok,beltrami,P7984,E_p t=0.50,0.00315,0.003152524401255501,1.0008013972239684,error,factor 2,Table 11,
ok,beltrami,P7984,E_u t=0.75,0.00037999999999999997,0.00038193048114168113,1.00508021353074,error,factor 2,Table 11,
ok,beltrami,P7984,E_p t=0.75,0.00451,0.004511102153603109,1.0002443799563434,error,factor 2,Table 11,
ok,beltrami,P7984,E_u t=1.00,0.00034,0.0003430261007251648,1.0089002962504847,error,factor 2,Table 11,
ok,beltrami,P7984,E_p t=1.00,0.00752,0.007514530988399524,0.9992727378190857,error,factor 2,Table 11,
ok,darcy,S1,Darcy-x MSE,2.2e-05,2.6964177787553036e-05,1.2256444448887744,residual,factor 2,Table 14,
ok,darcy,S1,Darcy-y MSE,9.47e-05,9.032164798378798e-05,0.9537660821941709,residual,factor 2,Table 14,
ok,darcy,S1,Continuity MSE,1.67e-12,2.212246981007592e-12,1.3246987910225103,residual,factor 2,Table 14,
ok,darcy,S2,Darcy-x MSE,6.25e-05,9.749098624993959e-05,1.5598557799990334,residual,factor 2,Table 14,
ok,darcy,S2,Darcy-y MSE,0.000145,0.00011074062620145198,0.7637284565617378,residual,factor 2,Table 14,
ok,darcy,S2,Continuity MSE,5.47e-12,1.0231611567454003e-11,1.87049571617075,residual,factor 2,Table 14,
ok,darcy,S3,Darcy-y MSE,0.136,0.07636176094566412,0.5614835363651773,residual,factor 2,Table 14,
ok,darcy,S3,Continuity MSE,1.3e-08,6.973329148652786e-09,0.5364099345117528,residual,factor 2,Table 14,
ok,darcy,SPE10,Darcy-x MSE,0.711,0.7113783580514383,1.0005321491581411,residual,factor 2,Table 14,
ok,darcy,SPE10,Darcy-y MSE,5.23,5.226574556571767,0.9993450394974697,residual,factor 2,Table 14,
ok,darcy,SPE10,Continuity MSE,8.94e-08,8.941553427180729e-08,1.0001737614296116,residual,factor 2,Table 14,
ok,bratu,P25,kappa (final iterate),170.0,166.872069488242,0.9816004087543647,condition,factor 10,Table 15,
ok,bratu,P225,kappa (final iterate),1400000000.0,1403659806.918094,1.0026141477986386,condition,factor 10,Table 15,
ok,bratu,P225,numerical rank,225,225,1.0,rank,equal,Table 15,
ok,burgers,P25,kappa (final iterate),89.0,44.71828498767702,0.5024526403109778,condition,factor 10,Table 15,
ok,burgers,P625,kappa (final iterate),6800000000.0,6820806634.79781,1.003059799234972,condition,factor 10,Table 15,
ok,burgers,P625,numerical rank,625,625,1.0,rank,equal,Table 15,
ok,bl,P64,kappa (final iterate),6900.0,8313.16486056538,1.2048065015312146,condition,factor 10,Table 15,
ok,bl,P1024,kappa (final iterate),3.5e+16,1.0770058245543269e+17,3.0771594987266484,condition,factor 10,Table 15,
ok,elasticity,P50,kappa (final iterate),110.0,106.80696921850338,0.9709724474409398,condition,factor 10,Table 15,
ok,elasticity,P1250,kappa (final iterate),44000.0,43874.702123081195,0.9971523209791181,condition,factor 10,Table 15,
ok,elasticity,P1250,numerical rank,1250,1250,1.0,rank,equal,Table 15,
ok,kovasznay,P75,kappa (final iterate),74.0,73.67383526635972,0.9955923684643205,condition,factor 10,Table 15,
ok,kovasznay,P1875,kappa (final iterate),170000.0,387203.91263181536,2.277670074304796,condition,factor 10,Table 15,
ok,kovasznay,P1875,numerical rank,1875,1875,1.0,rank,equal,Table 15,
ok,darcy,S1,kappa (final iterate),2600000.0,2636640.6830820898,1.0140925704161883,condition,factor 10,Table 15 (low end of the 4-field range),
ok,darcy,SPE10,kappa (final iterate),13000000.0,13289041.125357462,1.0222339327198047,condition,factor 10,Table 15 (high end of the 4-field range),
ok,beltrami,P7984,kappa (retained part),12000.0,19429.748658122786,1.619145721510232,condition,factor 10,Table 15,
ok,beltrami,P7984,numerical rank,7977,7977,1.0,rank,equal,Table 15,
