iteration,n_func_evals,loss,pde_loss,ic_loss,bc_loss,wall_time,bc_loss_lil,loss_lil,mu,n_jacobian_evals,accepted,restarts,eps_ref
0,1,3.9117194122483814,0.00092258120383423,0.39088636560019935,0.00019331750425544063,0.000002,0.00019331750425544063,3.911719412248382,0.001,0,1,0,0.9979376177424221
1,8,3.8301005023707937,6.020820142856461e-05,0.3789517587378768,0.004052270679059838,0.201436,0.004052270679059838,3.830100502370795,3.125,1,1,0,0.9971678126381456
2,9,3.3956511603845634,0.0031777015033616113,0.3133958757491495,0.025851470138970642,0.212879,0.025851470138970642,3.3956511603845634,0.625,2,1,0,0.9017165751749915
3,11,3.306376705079665,0.02678488740465857,0.30299662258192905,0.024962559185571612,0.225230,0.024962559185571612,3.306376705079665,0.625,3,1,0,0.9328002344270008
4,12,2.650414788831947,0.16393330794017116,0.23176167485638802,0.016886473232789596,0.236127,0.016886473232789596,2.6504147888319474,0.125,4,1,0,0.9271468069013964
5,15,2.5745264822336504,0.17881431388360236,0.22378858960718517,0.015782627227819666,0.249565,0.015782627227819666,2.574526482233651,0.625,5,1,0,0.8837730598449636
6,16,2.115496638940827,0.15228678548676056,0.18076827843498006,0.01555270691042659,0.260290,0.01555270691042659,2.1154966389408267,0.125,6,1,0,0.8402660089082588
7,18,1.7646779618448032,0.23205224659429904,0.13212765087658987,0.021134920648460547,0.275878,0.021134920648460547,1.7646779618448032,0.125,7,1,0,0.7835100033742729
8,19,1.514839768342165,0.20339840192517897,0.12325494673715108,0.00788918990454757,0.286704,0.00788918990454757,1.5148397683421653,0.025,8,1,0,0.7695329146346681
9,21,1.2599330998364806,0.3270291312664305,0.0660387243053456,0.02725167255165942,0.298800,0.02725167255165942,1.2599330998364808,0.025,9,1,0,0.6808166548969954
10,23,0.8746031738334029,0.19941815682878078,0.05517966120803863,0.012338840492423578,0.310945,0.012338840492423578,0.8746031738334029,0.025,10,1,0,0.6024609958629353
11,25,0.8690604843007328,0.24434256677235908,0.028951506067660854,0.033520285685176524,0.323194,0.033520285685176524,0.8690604843007328,0.025,11,1,0,0.5105755011013472
12,27,0.7430927771761572,0.1868644629716246,0.043551575900904735,0.012071255519548543,0.335251,0.012071255519548543,0.7430927771761574,0.025,12,1,0,0.547358419133446
13,29,0.6476882924758212,0.21723141593686845,0.022022444618334084,0.021023243035561197,0.347303,0.021023243035561197,0.6476882924758213,0.025,13,1,0,0.49429997720827545
14,30,0.614833718702911,0.19521612230554097,0.03383910189920801,0.00812265774052899,0.357992,0.00812265774052899,0.614833718702911,0.005000000000000001,14,1,0,0.48472169847824803
15,31,0.5528094456309363,0.1673099260867868,0.019876339493303547,0.01867361246111139,0.368946,0.01867361246111139,0.5528094456309363,0.0010000000000000002,15,1,0,0.40854082044557427
16,35,0.45797813411953525,0.16446215450735382,0.02182517840193079,0.0075264195592873555,0.383667,0.0075264195592873555,0.4579781341195353,0.02500000000000001,16,1,0,0.4360375428041036
17,36,0.3851706022908445,0.16132061856699784,0.01624368355332787,0.00614131481905679,0.394429,0.00614131481905679,0.38517060229084443,0.005000000000000002,17,1,0,0.39761807136843763
18,38,0.34403608997685053,0.1335709371938391,0.016253685556335384,0.0047928297219657565,0.406526,0.0047928297219657565,0.34403608997685053,0.005000000000000002,18,1,0,0.35648017176611757
19,40,0.2802151130441161,0.11390745429459045,0.011082642366204517,0.005548123508748054,0.418758,0.005548123508748054,0.28021511304411617,0.005000000000000002,19,1,0,0.3031291390627095
20,42,0.24408456169746284,0.10657422243167257,0.008760036826618006,0.004990997099961024,0.430890,0.004990997099961024,0.24408456169746287,0.005000000000000002,20,1,0,0.2603343223734202
21,44,0.22432826565050676,0.10018533310105711,0.007516054720865973,0.004898238534078992,0.443093,0.004898238534078992,0.2243282656505068,0.005000000000000002,21,1,0,0.22564746910761763
22,46,0.21138596071099755,0.09473809830128534,0.006769331110659245,0.004895455130311977,0.455200,0.004895455130311977,0.21138596071099758,0.005000000000000002,22,1,0,0.19977908143766027
23,48,0.20273742231292596,0.09110755360419649,0.006282155160800213,0.004880831710072734,0.467405,0.004880831710072734,0.20273742231292596,0.005000000000000002,23,1,0,0.18192995214516705
24,49,0.2026893420036418,0.08500170035166495,0.0076927147015316425,0.004076049463666041,0.478315,0.004076049463666041,0.2026893420036418,0.0010000000000000005,24,1,0,0.19425728126260391
25,51,0.18189589632856862,0.08217816529907178,0.005726268949942489,0.004245504153007196,0.490451,0.004245504153007196,0.18189589632856862,0.0010000000000000007,25,1,0,0.1577439919574436
26,53,0.17898652363700357,0.08033407541864206,0.0057646362016253025,0.004100608620210849,0.502694,0.004100608620210849,0.17898652363700357,0.0010000000000000007,26,1,0,0.15546954650898426
27,55,0.17834821204301143,0.07846365143995866,0.006041326693633917,0.003947129366671359,0.515345,0.003947129366671359,0.17834821204301143,0.0010000000000000007,27,1,0,0.15577185302811833
28,58,0.17090845126182946,0.07499604188331908,0.005205351581419586,0.004385889356431455,0.528961,0.004385889356431455,0.1709084512618295,0.0050000000000000044,28,1,0,0.13673159319386152
29,60,0.16991985797001186,0.07361388025857826,0.005198581861496881,0.004432015909646476,0.541136,0.004432015909646476,0.16991985797001183,0.0050000000000000044,29,1,0,0.13451252301662997
30,62,0.16889785583938602,0.0717805626701483,0.005285437321630679,0.0044262919952930925,0.553281,0.0044262919952930925,0.16889785583938602,0.0050000000000000044,30,1,0,0.13359222173278557
31,64,0.1677212327472855,0.06923278262022341,0.005419016853667614,0.004429828159038596,0.565453,0.004429828159038596,0.1677212327472855,0.0050000000000000044,31,1,0,0.1330030596377506
32,66,0.16628106663063721,0.0658729792112908,0.0055745868954417644,0.004466221846492879,0.577590,0.004466221846492879,0.16628106663063724,0.0050000000000000044,32,1,0,0.13227318969470836
33,68,0.1644603205109199,0.06225304552155405,0.0056580407084433175,0.00456268679049327,0.589929,0.00456268679049327,0.16446032051091994,0.0050000000000000044,33,1,0,0.13049112914995512
34,70,0.16248608254650027,0.05937697956421327,0.005622422565176145,0.004688487733052555,0.602112,0.004688487733052555,0.16248608254650027,0.0050000000000000044,34,1,0,0.1280233006971101
35,71,0.16181365721094623,0.052789642696292015,0.0065923291872585265,0.004310072264206895,0.613024,0.004310072264206895,0.1618136572109462,0.0010000000000000009,35,1,0,0.1420913362578918
36,73,0.14813389210806038,0.048924095582078296,0.005436366277440768,0.004484613375157442,0.625155,0.004484613375157442,0.14813389210806038,0.0010000000000000009,36,1,0,0.12599728438728328
37,75,0.14145532477173756,0.04633742265549036,0.005017964621787469,0.00449382558983725,0.637479,0.00449382558983725,0.14145532477173756,0.0010000000000000009,37,1,0,0.13094849661603633
38,77,0.13630060881314982,0.04480296339986264,0.004645934470233631,0.004503830071095088,0.649746,0.004503830071095088,0.13630060881314982,0.0010000000000000009,38,1,0,0.14430364758448938
39,79,0.1320969754578025,0.04281698976149133,0.00441958972439832,0.004508408845232799,0.661851,0.004508408845232799,0.13209697545780252,0.0010000000000000009,39,1,0,0.16693231291941568
40,81,0.12820466776854447,0.041152502300663335,0.004225763221939815,0.004479453324848298,0.674017,0.004479453324848298,0.12820466776854447,0.0010000000000000009,40,1,0,0.19699839801446037
41,83,0.12433297628780274,0.040145311893758445,0.004058930384196012,0.0043598360552084174,0.686034,0.0043598360552084174,0.12433297628780274,0.0010000000000000009,41,1,0,0.2346458249983743
42,85,0.12031494414289208,0.039786517137581856,0.00391424642710934,0.0041385962734216825,0.698201,0.0041385962734216825,0.12031494414289208,0.0010000000000000009,42,1,0,0.2793789721468957
43,87,0.11595491871316385,0.03982188867757362,0.0036986443502937134,0.003914658653265312,0.710153,0.003914658653265312,0.11595491871316387,0.0010000000000000009,43,1,0,0.333611103891849
44,89,0.11015963208203265,0.04025186560681544,0.003249154297947883,0.003741622349573839,0.722303,0.003741622349573839,0.11015963208203267,0.0010000000000000009,44,1,0,0.40276461489709203
45,91,0.10267443129996555,0.04145118531849159,0.0025869831319264873,0.00353534146622091,0.734451,0.00353534146622091,0.10267443129996556,0.0010000000000000009,45,1,0,0.4800853002140543
46,93,0.09452837961939994,0.0419776795873613,0.0019686625800920147,0.0032864074231118484,0.746628,0.0032864074231118484,0.09452837961939994,0.0010000000000000009,46,1,0,0.5205095344646182
47,96,0.08379413255060304,0.03975453443067262,0.0016771420767236502,0.0027268177352693925,0.760087,0.0027268177352693925,0.08379413255060306,0.0050000000000000044,47,1,0,0.5135616567398196
48,98,0.07940350123486174,0.03867181681223893,0.001547276895487622,0.00252589154677466,0.772160,0.00252589154677466,0.07940350123486174,0.0050000000000000044,48,1,0,0.5149466288297477
49,100,0.07507684711623676,0.037965331927173815,0.0014597178978584978,0.0022514336210477954,0.784349,0.0022514336210477954,0.07507684711623674,0.0050000000000000044,49,1,0,0.5148469001376488
50,101,0.07193907983436484,0.032934339906322545,0.0009115570720567342,0.002988916920747495,0.794987,0.002988916920747495,0.07193907983436484,0.0010000000000000009,50,1,0,0.4558846270360499
51,103,0.05369419828092657,0.02943935576476893,0.0008446495906008686,0.0015808346610148964,0.807221,0.0015808346610148964,0.05369419828092657,0.0010000000000000009,51,1,0,0.4482710801892367
