problem,case,P,N,N_used,c1,c2,c2_over_c1,c1_A_only,c2_A_only,c2_over_c1_A_only,dropped,dropped_A_only,rho_r,rho_r_numerator,rho_r_denominator,round_off,kappa_A_Y,quadrature,N_Y,zero_blocks_excluded,resolve_residual,logged_residual,resolve_identical,resolve_rel_diff,assembly_matches_paper_bitwise,threads
elasticity,compatible,1250,12538,11128,0.6776224471886092,2.8039179178582665,4.137876378640428,0.677622447188609,2.8039179178582634,4.137876378640424,1,0,1.0002648014111994,8.044621840602347e-12,8.042492177324231e-12,True,18190.744052611484,"Gauss-Legendre 96 x 96 inside, 96 per edge",18624,"['bot_ux', 'top_ux', 'left_sxx', 'left_uy', 'right_sxx', 'right_uy']",8.027172245723318e-12,8.027295721382564e-12,False,1.538197464399754e-05,True,24
elasticity,compatible,200,2104,1876,0.9541712823370507,1.6720659124629533,1.752375012133633,0.9541712834539798,1.6720657976703948,1.752374889776317,0,0,1.0006975134591145,0.017623302430486636,0.017611018508048557,False,820.4593546571233,"Gauss-Legendre 96 x 96 inside, 96 per edge",18624,"['bot_ux', 'top_ux', 'left_sxx', 'left_uy', 'right_sxx', 'right_uy']",0.01755007362347284,0.017550073623472728,False,6.3260305822322285e-15,True,24
elasticity,compatible,450,4552,4042,0.9097261044920025,2.1073834231687645,2.316503190095377,0.9097261045561271,2.107383280543289,2.3165030331536127,0,0,1.0003174363402063,1.5689001069224392e-05,1.568402239055702e-05,False,3158.445653135746,"Gauss-Legendre 96 x 96 inside, 96 per edge",18624,"['bot_ux', 'top_ux', 'left_sxx', 'left_uy', 'right_sxx', 'right_uy']",1.564315200859188e-05,1.5643152008696133e-05,False,6.664437901652074e-12,True,24
elasticity,compatible,50,530,470,0.9319087554134268,1.4809229982037322,1.5891287527894764,0.9319170968062461,1.4809221819771934,1.5891136529766772,0,0,1.001943157037375,0.5848583758711745,0.5837241082623191,False,94.97055554628156,"Gauss-Legendre 96 x 96 inside, 96 per edge",18624,"['bot_ux', 'top_ux', 'left_sxx', 'left_uy', 'right_sxx', 'right_uy']",0.581865939081631,0.581865939081631,True,0.0,True,24
elasticity,compatible,800,8162,7262,0.8252303182922618,2.4720309376235443,2.9955648536267847,0.8252305863379054,2.4720309205695026,2.9955638599625116,0,0,1.000313813840227,6.661428307551431e-08,6.65933851495868e-08,False,8425.91447557755,"Gauss-Legendre 96 x 96 inside, 96 per edge",18624,"['bot_ux', 'top_ux', 'left_sxx', 'left_uy', 'right_sxx', 'right_uy']",6.643794738785598e-08,6.643794723982777e-08,False,2.228067319443781e-09,True,24
elasticity,paper,1250,12538,11128,0.6776224471886091,2.8039179178582643,4.137876378640425,0.677622447188609,2.8039179178582634,4.137876378640424,1,0,0.9250338405024514,5.1539654029764996e-14,5.571650654614988e-14,True,18190.744052611484,"Gauss-Legendre 96 x 96 inside, 96 per edge",18624,"['bot_ux', 'top_ux', 'left_sxx', 'left_uy', 'right_sxx', 'right_uy']",1.1260534856129345e-13,5.626933746990679e-14,False,1.0011849014841434,True,24
elasticity,paper,200,2104,1876,0.9541712834539797,1.6720657976703954,1.7523748897763178,0.9541712834539798,1.6720657976703948,1.752374889776317,1,0,0.9612492115112776,4.391976491835054e-14,4.569030007244408e-14,True,820.4593546571233,"Gauss-Legendre 96 x 96 inside, 96 per edge",18624,"['bot_ux', 'top_ux', 'left_sxx', 'left_uy', 'right_sxx', 'right_uy']",2.943975403901541e-14,2.2177245570757084e-14,False,0.3274756752405119,True,24
elasticity,paper,450,4552,4042,0.9097261045561269,2.1073832805432904,2.3165030331536145,0.9097261045561271,2.107383280543289,2.3165030331536127,1,0,1.0999171609035994,8.794243783693727e-14,7.995369193502824e-14,True,3158.445653135746,"Gauss-Legendre 96 x 96 inside, 96 per edge",18624,"['bot_ux', 'top_ux', 'left_sxx', 'left_uy', 'right_sxx', 'right_uy']",5.5145503355272494e-14,2.969214942145851e-14,False,0.8572418780642015,True,24
elasticity,paper,50,530,470,0.9319170968062459,1.4809221819771934,1.5891136529766774,0.9319170968062461,1.4809221819771934,1.5891136529766772,1,0,1.9694341389200152,8.693004787481318e-14,4.413960647726117e-14,True,94.97055554628156,"Gauss-Legendre 96 x 96 inside, 96 per edge",18624,"['bot_ux', 'top_ux', 'left_sxx', 'left_uy', 'right_sxx', 'right_uy']",1.4943104845737404e-14,1.5031913593415277e-14,False,0.005908013449250718,True,24
elasticity,paper,800,8162,7262,0.8252305863379058,2.472030920569504,2.9955638599625116,0.8252305863379054,2.4720309205695026,2.9955638599625116,1,0,0.8515774458089594,4.055557453408974e-14,4.7624059013873726e-14,True,8425.91447557755,"Gauss-Legendre 96 x 96 inside, 96 per edge",18624,"['bot_ux', 'top_ux', 'left_sxx', 'left_uy', 'right_sxx', 'right_uy']",6.354839696361348e-14,2.381031532790954e-14,False,1.6689439467071854,True,24
elasticity,specified,1250,12538,11598,0.6776224471747148,2.8039179993250887,4.137876498949777,0.6776224471886089,2.8039179178582656,4.137876378640428,0,0,1.0003344200564748,0.14117317865101736,0.14112598329171488,False,18190.744052611484,"Gauss-Legendre 96 x 96 inside, 96 per edge",18816,"['bot_ux', 'top_ux', 'left_uy', 'right_uy']",0.1490294511962467,0.1490294511962467,True,0.0,True,24
elasticity,specified,200,2104,1952,0.9541711940865899,1.6720696035122717,1.752379042539544,0.9541712834539798,1.6720657976703952,1.7523748897763174,0,0,1.001373243830367,0.1519593392248446,0.1517509481715157,False,820.4593546571233,"Gauss-Legendre 96 x 96 inside, 96 per edge",18816,"['bot_ux', 'top_ux', 'left_uy', 'right_uy']",0.16962094856866042,0.16962094856866042,True,0.0,True,24
elasticity,specified,450,4552,4212,0.9097259351828713,2.107383839620388,2.3165040789968967,0.909726104556127,2.1073832805432895,2.3165030331536136,0,0,1.0007307031282433,0.14597721438263214,0.14587062625970537,False,3158.445653135746,"Gauss-Legendre 96 x 96 inside, 96 per edge",18816,"['bot_ux', 'top_ux', 'left_uy', 'right_uy']",0.1585547874591756,0.1585547874591756,True,0.0,True,24
elasticity,specified,50,530,490,0.931907028958594,1.4811682927838103,1.5893949146826543,0.9319170968062462,1.4809221819771936,1.5891136529766772,0,0,1.0047225304000957,0.16688228445236158,0.16609788215449547,False,94.97055554628156,"Gauss-Legendre 96 x 96 inside, 96 per edge",18816,"['bot_ux', 'top_ux', 'left_uy', 'right_uy']",0.20086416883862243,0.20086416883862243,True,0.0,True,24
elasticity,specified,800,8162,7562,0.8252305863163142,2.4720312056993605,2.9955642055562652,0.8252305863379058,2.472030920569505,2.995563859962513,0,0,1.0004498401058877,0.14310219071632801,0.14303784655628718,False,8425.91447557755,"Gauss-Legendre 96 x 96 inside, 96 per edge",18816,"['bot_ux', 'top_ux', 'left_uy', 'right_uy']",0.15264298766858156,0.15264298766858153,False,1.8183328326809105e-16,True,24
