k,t_assemble_s,t_solve_s,t_cum_s,norm_R_h,norm_R_interior,norm_Rlin_h,norm_Rlin_interior,norm_f_h,norm_dbeta,rel_dbeta,chi,order_obs,stall_flag,roundoff_ratio,kappa_eps,kappa,kappa_method,num_rank_svd,num_rank_gelsy,rcond,eps_u,eps_v,eps_p,eps_p_meanfree,maxerr_u,maxerr_v,maxerr_p,solver_path,gpu_mem_peak_bytes,kappa_raw,kappa_retained,num_rank_qr,norm_beta,stall_rule_fires,eps_ref
0,0.16570510005112737,0.5965798000106588,0.7622849000617862,10.291536029516086,987.9843257084816,1.3696187636294268,127.6190093508035,4.77603629487904,1469431267.8543508,0.9997823942027015,4.27735118630155,,False,0.2867689186319541,0.0011216040021773384,5051255366263.118,svd,988,1024,2.220446049250313e-16,0.718578164920444,,,,0.7130829095282495,,,cpu_gelsy,,5051255366263.118,438926056240.9846,,1334398.9155905384,False,0.7185781886714625
1,0.1692086000693962,0.599229299928993,1.5307228000601754,5.67401137389601,543.7852185038846,0.4953727292325298,36.07003383148432,2.8782716332850122,559793023.0801144,0.4998904993757968,2.6272918026876906,2.3632099756161717,False,0.1721077064110012,0.0011334861842406466,5104767956975.781,svd,988,1024,2.220446049250313e-16,0.6001017612512379,,,,1.2891963951455399,,,cpu_gelsy,,5104767956975.781,440780397342.0558,,1469751094.2130373,False,0.6001017329599053
2,0.17385799996554852,0.5946656999876723,2.299246500013396,1.3892734291393671,129.7193829361771,0.4939135919070104,36.5757603449319,2.4742713777106102,229090410.1522604,0.21429351547697534,0.48151611623707297,0.6629282476089714,False,0.1996198138799221,0.0011409780763563823,5138508439516.509,svd,988,1024,2.220446049250313e-16,0.1964913821775477,,,,0.389198479139367,,,cpu_gelsy,,5138508439516.509,440184167069.75806,,1119831290.610877,False,0.19649128075201314
3,0.17506879998836666,0.5923929999116808,3.0667082999134436,0.5466012640069721,42.93050911297361,0.49195139939933163,36.43319844115278,2.5388417020781686,58334226.429223076,0.055093738954400596,0.014952682278536154,0.11273171419540119,True,0.19377001685321493,0.0011394364809502705,5131565711019.987,svd,988,1024,2.220446049250313e-16,0.12673115211354904,,,,0.3919166819091233,,,cpu_gelsy,,5131565711019.987,440546010772.8906,,1069049661.3597946,False,0.12673105971045087
4,0.17088239989243448,0.6081028000917286,3.8456934998976067,0.4920408039416875,36.44432344350072,0.49198330105788984,36.447492984143175,2.5322785307692546,5287345.690961067,0.004993008219084251,2.9620113340076576e-05,0.0011084193176990912,True,0.19428482889219748,0.0011390808375303285,5129964035446.46,svd,988,1024,2.220446049250313e-16,0.1204200533014391,,,,0.39204347588972177,,,cpu_gelsy,,5129964035446.46,440293930517.86304,,1058817708.4424154,True,0.1204199675504201
5,0.1700383999850601,0.6120897999498993,4.627821699832566,0.49198341849151356,36.44750759304579,0.49198347411957327,36.44870932404763,2.5306673050571065,391831.0487396066,0.00037002340145419246,4.793157191415784e-06,-0.00017468530051673948,True,0.19440859457757576,0.001139104595081158,5130071029943.522,svd,988,1024,2.220446049250313e-16,0.12084559701135626,,,,0.3920485124822053,,,cpu_gelsy,,5130071029943.522,440286718437.53235,,1058949927.3707983,True,0.1208455111996381
6,0.16791790002025664,0.607690199976787,5.40342979982961,0.49198342034840364,36.448702635061025,0.4919834422968862,36.44881132316653,2.53077678404566,121143.26718407386,0.00011440285172487003,4.9474088223075385e-06,25.12342886168961,True,0.19440017207302226,0.0011390957783544273,5130031322936.304,svd,988,1024,2.220446049250313e-16,0.1208108337774858,,,,0.39204913088039484,,,cpu_gelsy,,5130031322936.304,440286231769.7215,,1058935859.7313306,True,0.12081074798618427
7,0.16781910008285195,0.5870923999464139,6.158341299858876,0.49198345877064925,36.44881337245169,0.49198344624142376,36.44882731937222,2.530767316884307,95112.32313103523,8.98203638948998e-05,4.847227383037791e-06,-0.9639927394307775,True,0.1944009008489636,0.0011391154885164883,5130120089614.817,svd,988,1024,2.220446049250313e-16,0.12081342710927798,,,,0.3920496375198754,,,cpu_gelsy,,5130120089614.817,440285450119.4422,,1058918246.8581641,True,0.12081334131755131
8,0.16815639997366816,0.5950355000095442,6.921533199842088,0.49198348282788557,36.44883187061284,0.49198352290181013,36.44881120571031,2.530768029984709,79333.41722125298,7.492116594437099e-05,4.920124608399791e-06,-2.1412745171537653,True,0.19440087636352144,0.001139091228550961,5130010832443.108,svd,988,1024,2.220446049250313e-16,0.12081320255759755,,,,0.39204930224374857,,,cpu_gelsy,,5130010832443.108,440285048065.2038,,1058917143.1361337,True,0.12081311676602009
9,0.16852700000163168,0.6108436000067741,7.700903799850494,0.4919834448799329,36.44880150002793,0.4919834236043119,36.44883734460393,2.5307680970477295,132343.38307199423,0.00012498054637141888,4.865788518155953e-06,0.27749824505984727,True,0.19440083197596641,0.0011391174847524672,5130129079862.428,svd,988,1024,2.220446049250313e-16,0.12081313279727522,,,,0.39204928734258737,,,cpu_gelsy,,5130129079862.428,440286226132.10223,,1058891919.5432448,True,0.12081304700561064
10,0.16848460002802312,0.6045759000116959,8.473964299890213,0.4919834534890497,36.44884106217002,0.49198343667670125,36.448842026354406,2.530765995024449,58839.53778335944,5.556534471482582e-05,4.866425947974224e-06,-2.2359326218570934,True,0.19440099860830803,0.001139119454583369,5130137951192.144,svd,988,1024,2.220446049250313e-16,0.12081353353432774,,,,0.3920487807031068,,,cpu_gelsy,,5130137951192.144,440284448093.44073,,1058911862.0004618,True,0.12081344774268775
11,0.16787090001162142,0.589810699922964,9.231645899824798,0.49198341916173766,36.44883984754893,0.4919834738647441,36.44885955033243,2.530767800957462,175456.9679489149,0.00016568697395973094,4.8577200752831176e-06,-1.0374703435240449,True,0.19440087457988545,0.0011390846994473488,5129981427974.514,svd,988,1024,2.220446049250313e-16,0.1208133386192443,,,,0.3920490265722665,,,cpu_gelsy,,5129981427974.514,440286592809.04565,,1058925092.3455534,True,0.12081325282772491
12,0.1695045999949798,0.6003194000804797,10.001469899900258,0.49198348200464775,36.448860562909985,0.4919834715294106,36.44883576014482,2.530767909250383,102685.91679379916,9.697099793767996e-05,4.883211157832599e-06,-0.5463515617269935,True,0.19440086533859074,0.0011391482565307413,5130267663631.597,svd,988,1024,2.220446049250313e-16,0.1208132863014513,,,,0.39205076255754556,,,cpu_gelsy,,5130267663631.597,440286227004.9648,,1058966578.6977224,True,0.1208132005097234
13,0.16877490002661943,0.5975598000222817,10.767804599949159,0.49198346577050583,36.44883504375532,0.49198346152993083,36.448833157714624,2.5307675446366713,51251.3600660888,4.839860468282693e-05,4.8253303825033846e-06,-0.06560814777819089,True,0.1944008893952219,0.0011391279272286007,5130176108594.052,svd,988,1024,2.220446049250313e-16,0.12081329714146721,,,,0.3920499355430993,,,cpu_gelsy,,5130176108594.052,440285381604.6489,,1058934310.027334,True,0.12081321134985029
14,0.16933990002144128,0.5945053000468761,11.531649800017476,0.4919834280605606,36.4488289942307,0.49198345291417017,36.448842927351976,2.5307675080923975,62064.662276853,5.861003718687994e-05,4.81855312761293e-06,-1.3486649427365138,True,0.19440088879796383,0.0011390879134474787,5129995902544.301,svd,988,1024,2.220446049250313e-16,0.12081326756453509,,,,0.3920497269268426,,,cpu_gelsy,,5129995902544.301,440285781443.66675,,1058942926.1846902,True,0.12081318177292091
15,0.16764980007428676,0.5971765000140294,12.296476100105792,0.4919834452219112,36.44884197045954,0.49198342171774107,36.44884041278316,2.5307672827954044,108592.90207938734,0.00010254821450066248,4.943440389353562e-06,-0.23916149327792124,True,0.19440089377728637,0.0011391279545738522,5130176231746.116,svd,988,1024,2.220446049250313e-16,0.12081336434965002,,,,0.3920497269268426,,,cpu_gelsy,,5130176231746.116,440286615490.8265,,1058942550.7265569,True,0.12081327855791935
16,0.1708096000365913,0.6078924000030383,13.075178100145422,0.4919834322023267,36.44884171703208,0.49198346455280517,36.448866331583794,2.5307667142711603,73824.80413798951,6.971654908518903e-05,4.957519368288303e-06,-1.573988224759285,True,0.19440095437421315,0.0011391183029170312,5130132764548.054,svd,988,1024,2.220446049250313e-16,0.12081359585912042,,,,0.392049220287362,,,cpu_gelsy,,5130132764548.054,440286134219.55194,,1058944834.9555204,True,0.12081351006738224
17,0.1683680999558419,0.6057105000363663,13.84925670013763,0.49198340725633016,36.44885920408966,0.49198341879718566,36.44881116724169,2.5307677633145538,97601.35564778592,9.217141671490775e-05,4.795276604798093e-06,-1.0632838590761216,True,0.19440085571219445,0.0011391102670088036,5130096574034.754,svd,988,1024,2.220446049250313e-16,0.12081345301715396,,,,0.3920493991012963,,,cpu_gelsy,,5130096574034.754,440286052757.98553,,1058927974.874093,True,0.12081336722550202
18,0.16876249993219972,0.6000618999823928,14.618081100052223,0.4919834701681368,36.44881755762863,0.4919834493613189,36.44883742325095,2.530768622479228,127421.74659260397,0.00012033191465143144,4.8368308987018855e-06,-0.8305137032370895,True,0.19440080179252223,0.0011391333881213593,5130200702268.645,svd,988,1024,2.220446049250313e-16,0.12081316727006376,,,,0.3920491904850396,,,cpu_gelsy,,5130200702268.645,440286306378.5137,,1058911310.3216513,True,0.12081308147850968
19,0.17092599999159575,0.6012224999722093,15.390229600016028,0.49198345058638837,36.4488375756457,0.4919833936851371,36.4488283006279,2.5307663977758073,98873.46264637321,9.337181095769203e-05,5.037193038633125e-06,-0.7953263192635199,True,0.19440095068336702,0.0011390862940116758,5129988609253.822,svd,988,1024,2.220446049250313e-16,0.12081353486759454,,,,0.3920494363541993,,,cpu_gelsy,,5129988609253.822,440286851776.77985,,1058918965.6103274,True,0.12081344907588147
20,0.16802979994099587,0.5960711999796331,16.154330599936657,0.49198340269331114,36.44882942121627,0.49198344722890364,36.44885464570541,2.530767794360021,96164.48488899381,9.08107589401479e-05,4.996662462399804e-06,-0.6037435546662423,True,0.1944008645618616,0.001139117233692855,5130127949190.452,svd,988,1024,2.220446049250313e-16,0.12081329516200817,,,,0.3920491904850396,,,cpu_gelsy,,5130127949190.452,440286630191.1614,,1058921976.9034367,True,0.12081320937045943
21,0.1676998999901116,0.6467623999342322,16.968792899861,0.4919834583878724,36.448856033844976,0.49198341864427914,36.448841091863095,2.5307677093045835,97463.55025417151,9.203991460953515e-05,4.827674258037491e-06,-0.4315120624206941,True,0.19440085980054989,0.00113908913923044,5130001422979.988,svd,988,1024,2.220446049250313e-16,0.12081331787961239,,,,0.39205052413896646,,,cpu_gelsy,,5130001422979.988,440286135885.74713,,1058954753.9446783,True,0.12081323208805364
22,0.16879329993389547,0.5944898000452667,17.732075999840163,0.4919834125266742,36.44884033085261,0.49198343307306924,36.44882081250882,2.530767805198411,74442.01961226382,7.029851964061133e-05,4.836050398284537e-06,-0.602211741686745,True,0.194400858135817,0.0011391202552456573,5130141557054.526,svd,988,1024,2.220446049250313e-16,0.12081324108659773,,,,0.3920495034094247,,,cpu_gelsy,,5130141557054.526,440285336059.76495,,1058926995.6153836,True,0.1208131552949921
23,0.16945899999700487,0.6175693001132458,18.519104299950413,0.49198338090117477,36.448814322488076,0.49198340534099194,36.44881775217726,2.5307678120450716,107021.0018274935,0.00010106450198876575,4.830475201938401e-06,-3.240280465367053,True,0.19440084665192114,0.0011391239511542904,5130158201947.27,svd,988,1024,2.220446049250313e-16,0.12081318787460138,,,,0.3920504198308381,,,cpu_gelsy,,5130158201947.27,440285196023.1545,,1058941496.8172218,True,0.12081310208292395
24,0.17101139994338155,0.6370802000164986,19.327195899910294,0.4919834788156826,36.44882689219878,0.49198339167511407,36.44883667123567,2.5307669292644235,69420.71925476313,6.555608157733646e-05,4.942954919051898e-06,-0.470572072242014,True,0.1944009090628155,0.0011390821263817187,5129969839917.101,svd,988,1024,2.220446049250313e-16,0.12081341552826376,,,,0.39204932459549036,,,cpu_gelsy,,5129969839917.101,440287115746.98303,,1058937606.395071,True,0.12081332973661756
25,0.17462669999804348,0.6097881000023335,20.11161069991067,0.4919834061937301,36.44883847730514,0.4919834222432355,36.44884868599672,2.530766626515093,88534.93919667239,8.36069962128655e-05,4.839573654672502e-06,-0.05183896524151851,True,0.19440094439711522,0.0011391223038610592,5130150783198.087,svd,988,1024,2.220446049250313e-16,0.12081337167003972,,,,0.39205033787445154,,,cpu_gelsy,,5130150783198.087,440285320825.34625,,1058951627.1326796,True,0.12081328587836951
26,0.17056740005500615,0.6078499999130145,20.89002809987869,0.49198345874982813,36.448853227299,0.4919834633108426,36.44882485883754,2.5307670023874147,104304.23747005631,9.849762139217542e-05,4.894925359545966e-06,-1.4603237878877988,True,0.19440093175180764,0.0011391178733391885,5130130829901.441,svd,988,1024,2.220446049250313e-16,0.12081337395618191,,,,0.39204936184839334,,,cpu_gelsy,,5130130829901.441,440283767979.112,,1058941753.7649628,True,0.12081328816456974
27,0.16679659998044372,0.6020273000467569,21.65885199990589,0.4919834675363669,36.44882538447953,0.4919834382687698,36.448828909123314,2.5307681742838875,111720.47868860072,0.00010550328933046597,4.880436075457361e-06,-7.779712602245908,True,0.1944008318375438,0.001139110220918003,5130096366460.241,svd,988,1024,2.220446049250313e-16,0.12081320476195206,,,,0.39205052413896646,,,cpu_gelsy,,5130096366460.241,440286526009.58356,,1058951840.621221,True,0.12081311897031119
28,0.1683333000401035,0.600918099982664,22.42810339992866,0.49198344292774293,36.44882948868488,0.491983433747221,36.448828181926636,2.530766684912095,95279.63075204182,8.997705747799853e-05,4.980597238975112e-06,1.1173732919802162,True,0.1944009444569995,0.0011391073403696139,5130083393623.59,svd,988,1024,2.220446049250313e-16,0.12081339527883948,,,,0.3920490340228471,,,cpu_gelsy,,5130083393623.59,440287039116.1457,,1058928867.5034649,True,0.12081330948713354
29,0.16737909999210387,0.5958758000051603,23.191358299925923,0.4919834187516784,36.4488263165284,0.4919834418760966,36.448828133333194,2.530767945433249,91626.67096680496,8.652763109098736e-05,4.877500245241919e-06,-0.8582700265292249,True,0.19440085084208408,0.0011391060772202289,5130077704904.49,svd,988,1024,2.220446049250313e-16,0.12081325282143338,,,,0.3920497641797456,,,cpu_gelsy,,5130077704904.49,440283872058.31396,,1058932503.7145152,True,0.12081316702980287
30,0.1697235000319779,0.5876326999859884,23.94871449994389,0.49198346362245665,36.44883083851184,0.49198343069175454,36.44883273011316,2.530765819473983,68805.35871778143,6.497626860733079e-05,4.81099546562864e-06,0.9668589007451727,True,0.19440100972835675,0.0011390944551846736,5130025363909.494,svd,988,1024,2.220446049250313e-16,0.12081362267195564,,,,0.3920499951477441,,,cpu_gelsy,,5130025363909.494,440285413877.5012,,1058929613.7144417,True,0.12081353688026156
31,0.16737199993804097,0.63881879998371,24.75490529986564,0.49198349612910885,36.44884087031232,0.49198350380357236,36.44886601846728,2.530767031731181,102209.74075379415,9.652319042981142e-05,4.829120183738307e-06,-1.4476907578356395,True,0.1944009454979462,0.0011391008276396917,5130054062895.539,svd,988,1024,2.220446049250313e-16,0.12081342115314538,,,,0.39204963006929483,,,cpu_gelsy,,5130054062895.539,440285767342.9497,,1058930594.0849092,True,0.12081333536152473
32,0.1699269999517128,0.607327300007455,25.53215959982481,0.4919834196203495,36.448855546348504,0.4919834104053774,36.44880777203238,2.530768070144915,136998.1753319942,0.0001293757185303755,4.981697285099699e-06,-0.058302426611590186,True,0.194400828827118,0.0011390938341998339,5130022567242.401,svd,988,1024,2.220446049250313e-16,0.12081344526854945,,,,0.3920479760404023,,,cpu_gelsy,,5130022567242.401,440284951804.0478,,1058913824.7364275,True,0.12081335947697924
33,0.16841529996600002,0.6018384000053629,26.30241329979617,0.49198342445293164,36.44880951950472,0.4919834364023715,36.44884705026916,2.530767986354392,113910.99800494284,0.00010757083602994013,4.8085589733879734e-06,2.1595529883890787,True,0.19440084553585682,0.001139095833399759,5130031570838.439,svd,988,1024,2.220446049250313e-16,0.12081314201349692,,,,0.3920504943366441,,,cpu_gelsy,,5130031570838.439,440285279681.4057,,1058917213.2777685,True,0.1208130562218496
34,0.1704211999895051,0.5952104999450967,27.068044999730773,0.4919834523510053,36.4488490342279,0.4919834819652136,36.44883125968405,2.530767520305326,82256.5853428654,7.767913023850089e-05,4.895938174168512e-06,-0.2037684592618924,True,0.19440089933897126,0.001139126071437045,5130167750851.893,svd,988,1024,2.220446049250313e-16,0.12081342838770535,,,,0.392049220287362,,,cpu_gelsy,,5130167750851.893,440285378516.1078,,1058939413.4041876,True,0.12081334259606008
35,0.1702682999894023,0.6122985000256449,27.85061179974582,0.49198344960553414,36.44882723424179,0.4919834349469744,36.44882505844507,2.530767897984856,40905.32545652301,3.862898200088719e-05,4.89710153821479e-06,15.866705922453063,True,0.19440085174887833,0.0011390606154033183,5129872963082.792,svd,988,1024,2.220446049250313e-16,0.12081319509310746,,,,0.3920494438047799,,,cpu_gelsy,,5129872963082.792,440285828962.14545,,1058927733.7466341,True,0.1208131093015211
36,0.16759249998722225,0.6346138999797404,28.652818199712783,0.49198347000300824,36.44882941930545,0.4919834686684627,36.448845174699244,2.530766906515734,103638.4015350965,9.7872378092924e-05,4.792386636570148e-06,-1.672450133805307,True,0.1944009412331882,0.0011390681909003897,5129907080088.58,svd,988,1024,2.220446049250313e-16,0.12081334357720977,,,,0.39204934694723215,,,cpu_gelsy,,5129907080088.58,440286225907.215,,1058928383.2430152,True,0.12081325778564762
37,0.16920160001609474,0.6225081000011414,29.44452789973002,0.4919834726558957,36.44884567072314,0.49198345041160646,36.448843203864634,2.530767348491727,167402.89733414736,0.00015808335532205723,4.915439486785045e-06,-27.1925580822082,True,0.19440090006883332,0.0011390995911156022,5130048494086.11,svd,988,1024,2.220446049250313e-16,0.12081345200695129,,,,0.39204889246181573,,,cpu_gelsy,,5130048494086.11,440284957521.00684,,1058913695.1050481,True,0.12081336621535699
38,0.17044909996911883,0.6182584000052884,30.233235399704427,0.49198349633372795,36.448848916429434,0.49198343638381753,36.44882458153881,2.5307674470958337,98723.50313960052,9.322831236955906e-05,4.909223946542348e-06,-4.513586617812979,True,0.1944008869516597,0.001139099503749,5130048100621.913,svd,988,1024,2.220446049250313e-16,0.12081332671146543,,,,0.39205001749948587,,,cpu_gelsy,,5130048100621.913,440285615305.58936,,1058953341.375528,True,0.12081324091981048
39,0.17511119996197522,0.615592599962838,31.02393919962924,0.491983458529424,36.44882733638269,0.49198345540811994,36.4488166884752,2.530766289356147,63531.39489565237,5.999678046839116e-05,4.858394816511028e-06,0.5478337886467058,True,0.19440098340067807,0.0011391543798148205,5130295240451.494,svd,988,1024,2.220446049250313e-16,0.12081353420538338,,,,0.3920498908396157,,,cpu_gelsy,,5130295240451.494,440286265525.6977,,1058943368.4936653,True,0.12081344841370519
40,0.17107759998179972,0.5963283000746742,31.791345099685714,0.49198341731996,36.44881195042635,0.49198349840610256,36.44885866820194,2.530767650018315,120828.4106154046,0.00011410315037006119,4.871913033373914e-06,-0.5926997642940564,True,0.19440089587147286,0.0011391029759436082,5130063737996.257,svd,988,1024,2.220446049250313e-16,0.12081339641402511,,,,0.3920499355430993,,,cpu_gelsy,,5130063737996.257,440286253499.5117,,1058913401.680335,True,0.12081331062240158
41,0.1713216999778524,0.6200343000236899,32.582701099687256,0.49198344565987656,36.44885210674209,0.4919834020118334,36.44882918386614,2.5307671929983453,59258.09556969551,5.596057918840283e-05,4.895424598104081e-06,0.6597152829757817,True,0.19440089288851276,0.0011390840326126555,5129978424818.037,svd,988,1024,2.220446049250313e-16,0.12081319640741407,,,,0.39204953321174707,,,cpu_gelsy,,5129978424818.037,440285659628.37244,,1058940180.2100288,True,0.12081311061580968
42,0.17021799995563924,0.6046815000008792,33.357600599643774,0.491983457769589,36.44883611995427,0.4919834257081019,36.448822920516065,2.530767049094322,87239.69665677048,8.238507048832058e-05,4.8479685155368624e-06,1.126618160732611,True,0.1944009133057768,0.0011390995931038492,5130048503040.379,svd,988,1024,2.220446049250313e-16,0.12081331289079923,,,,0.3920496375198754,,,cpu_gelsy,,5130048503040.379,440286517474.365,,1058925701.4333414,True,0.12081322709917347
43,0.16941490001045167,0.6223020000616089,34.149317499715835,0.4919834286143778,36.448823282047684,0.49198343358697605,36.44883370814848,2.5307677670633013,100183.19813420933,9.46089212672484e-05,4.790585687283203e-06,0.6782834922377328,True,0.19440086126822803,0.0011390968880233623,5130036320440.906,svd,988,1024,2.220446049250313e-16,0.12081331745550174,,,,0.3920495183105859,,,cpu_gelsy,,5130036320440.906,440284892398.13654,,1058926042.5423576,True,0.12081323166392507
44,0.16925410006660968,0.6066195999737829,34.92519119975623,0.4919834209956325,36.44883214182524,0.49198342120012334,36.44882074954208,2.5307685409899934,104789.70313759128,9.895882059701003e-05,4.8431045497521396e-06,1.6378942813266995,True,0.19440079692458476,0.001139089107996194,5130001282313.45,svd,988,1024,2.220446049250313e-16,0.12081303285734224,,,,0.3920499429936799,,,cpu_gelsy,,5130001282313.45,440285960847.41705,,1058919146.231621,True,0.12081294706585893
45,0.16935759992338717,0.6105465000728145,35.70509529975243,0.49198344012704903,36.44882310399236,0.491983475929191,36.44883357717047,2.5307671348724816,70334.7108619194,6.642139989557727e-05,4.933930172072389e-06,-0.3063779543418066,True,0.19440092656094204,0.0011391027793087821,5130062852431.728,svd,988,1024,2.220446049250313e-16,0.12081339670830982,,,,0.3920494661565217,,,cpu_gelsy,,5130062852431.728,440284946007.7128,,1058922312.3861424,True,0.12081331091662012
46,0.169001100002788,0.6047975999535993,36.478893999708816,0.49198346226023937,36.44883187679606,0.4919834606420622,36.448830538422136,2.5307662844513663,135610.26474960425,0.0001280647343148192,4.856773047875103e-06,-0.7550758561392835,True,0.19440098584556462,0.001139110855865892,5130099226011.318,svd,988,1024,2.220446049250313e-16,0.12081352978725118,,,,0.39204914578155603,,,cpu_gelsy,,5130099226011.318,440285868724.65704,,1058916418.0895667,True,0.12081344399556564
47,0.1710360998986289,0.6073026000522077,37.25723269965965,0.4919834726967826,36.44883203799132,0.4919834587310871,36.44881101993501,2.5307687807583434,138631.70443436617,0.00013092248305535378,4.924601727863137e-06,-9.512956006129835,True,0.1944007933366653,0.0011391257412717971,5130166263919.806,svd,988,1024,2.220446049250313e-16,0.12081308326491462,,,,0.3920494959588441,,,cpu_gelsy,,5130166263919.806,440286160858.7851,,1058919658.6800859,True,0.1208129974734516
48,0.1671471999725327,0.5958777000196278,38.02025759965181,0.49198344268792343,36.44880902421495,0.4919834145609094,36.44884071336923,2.530766777181553,88523.05744999384,8.359673902821137e-05,4.874484057457703e-06,1.0490429094781935,True,0.19440092978809295,0.0011391204415236518,5130142395976.033,svd,988,1024,2.220446049250313e-16,0.12081340670650294,,,,0.3920489818687829,,,cpu_gelsy,,5130142395976.033,440285355007.27576,,1058883861.6492856,True,0.12081332091492143
49,0.16755819995887578,0.5997778000310063,38.787593599641696,0.4919834575547512,36.44884606166542,0.49198344421914436,36.44884057993811,2.5307668743273495,54311.513151122504,5.128957920100026e-05,4.888799482133382e-06,-1.2484237817312334,True,0.19440093404490616,0.0011391056654006671,5130075850234.065,svd,988,1024,2.220446049250313e-16,0.12081353296505792,,,,0.39204883285717096,,,cpu_gelsy,,5130075850234.065,440285567533.38464,,1058929552.5046736,True,0.12081344717339808
50,0.17055639997124672,0.6067492000292987,39.56489919964224,0.491983386642124,36.44883341754028,0.4919834717340978,36.448856803338806,2.530766415373701,60445.151717082554,5.708117637265501e-05,4.786487577172582e-06,-0.9747495626079351,True,0.19440098017163307,0.0011391180552777927,5130131649280.071,svd,988,1024,2.220446049250313e-16,0.12081354967593902,,,,0.3920490265722665,,,cpu_gelsy,,5130131649280.071,440285489093.3508,,1058919063.0377274,True,0.12081346388425669
51,0.16963780007790774,0.6094084999058396,40.34394549962599,0.49198346159073847,36.44885554153777,0.49198341132488205,36.448832941923385,2.5307661722965293,120918.56259748728,0.00011419262495466309,4.856978519793151e-06,-0.08767433123014534,True,0.19440097497369127,0.0011390857782970828,5129986286681.773,svd,988,1024,2.220446049250313e-16,0.12081360583043887,,,,0.39204883285717096,,,cpu_gelsy,,5129986286681.773,440286929826.86884,,1058933181.7982482,True,0.12081352003874375
52,0.17331280000507832,0.6179433000506833,41.13520159968175,0.4919834271635746,36.44883491220644,0.49198345315610387,36.44882012231266,2.5307686400790232,144685.2327085831,0.00013663040239368418,4.887909803054806e-06,-0.7820070992236576,True,0.19440080194005474,0.001139102891770309,5130063358913.418,svd,988,1024,2.220446049250313e-16,0.1208131713902205,,,,0.3920495257611665,,,cpu_gelsy,,5130063358913.418,440285394282.54114,,1058899930.2318739,True,0.12081308559860632
53,0.17190870002377778,0.6209539999254048,41.92806429963093,0.49198348800600616,36.44882445753167,0.4919834497439499,36.44883337515503,2.530768126418212,137089.22322357394,0.0001294598580788751,4.894198925263085e-06,-0.5696057754289604,True,0.19440084004861105,0.001139102657053712,5130062301843.839,svd,988,1024,2.220446049250313e-16,0.12081324533761417,,,,0.39204979398206796,,,cpu_gelsy,,5130062301843.839,440285259919.7266,,1058953425.9856007,True,0.12081315954597543
54,0.16963649995159358,0.593347099958919,42.691047899541445,0.4919834545634845,36.44883397468987,0.4919834347111284,36.4488336617984,2.5307659056966534,97233.84918308337,9.182330053078219e-05,4.917517641694365e-06,-0.844312575328681,True,0.19440100469335914,0.0011390810749307802,5129965104603.046,svd,988,1024,2.220446049250313e-16,0.12081360620355787,,,,0.3920485571856889,,,cpu_gelsy,,5129965104603.046,440283965788.04443,,1058932284.1683522,True,0.12081352041188795
55,0.16992139990907162,0.6131509999977425,43.47412029944826,0.49198346753046746,36.448837744420025,0.4919834419601648,36.44882005185089,2.5307667408173242,56074.56353192498,5.295408918376439e-05,4.839400625928416e-06,-2.836705428232585,True,0.19440094340787653,0.001139094735005911,5130026624112.314,svd,988,1024,2.220446049250313e-16,0.12081342407148139,,,,0.39204906382516946,,,cpu_gelsy,,5130026624112.314,440285800244.19305,,1058923482.6130801,True,0.1208133382797774
56,0.16823459998704493,0.6281821000156924,44.270536999451,0.49198348239020917,36.44882508122201,0.49198344442645575,36.448817113407756,2.530768022468378,105661.02624535548,9.978340507476157e-05,4.798606369055938e-06,-3.1399624310591245,True,0.1944008459323747,0.0011391258428244953,5130166721272.499,svd,988,1024,2.220446049250313e-16,0.12081320706980214,,,,0.392049682223359,,,cpu_gelsy,,5130166721272.499,440284912220.8442,,1058927920.3222953,True,0.1208131212781526
57,0.16918820003047585,0.5972521000076085,45.03697729948908,0.4919834130618428,36.44881321174742,0.4919834703879784,36.448821355697966,2.5307674919621093,52506.650475011535,4.9585156047733594e-05,4.834484810988632e-06,-0.46756428645737297,True,0.19440089694156085,0.0011391019646848897,5130059183691.869,svd,988,1024,2.220446049250313e-16,0.12081345822862186,,,,0.3920487359996232,,,cpu_gelsy,,5130059183691.869,440287686638.21313,,1058903794.3352422,True,0.12081337243699178
58,0.1700802999548614,0.6043182000285015,45.811375799472444,0.4919834174646749,36.448814772203875,0.4919834320877142,36.44885615621969,2.5307676669234054,81304.33172425683,7.677822877385745e-05,4.806753882706564e-06,19.295639006506264,True,0.194400868368058,0.001139090849165544,5130009123843.086,svd,988,1024,2.220446049250313e-16,0.12081335073471369,,,,0.39204889991239633,,,cpu_gelsy,,5130009123843.086,440285446939.03656,,1058918730.1228929,True,0.12081326494305596
59,0.16867050004657358,0.6285614999942482,46.608607799513265,0.4919834738687054,36.448861353639124,0.4919834721836499,36.4488453512406,2.5307671429219565,69594.54435884781,6.572131658776466e-05,4.884725559954812e-06,-1.2443115776807665,True,0.19440092446261922,0.0011390928329966733,5130018058224.221,svd,988,1024,2.220446049250313e-16,0.12081344790437615,,,,0.39204980143264856,,,cpu_gelsy,,5130018058224.221,440286074732.3036,,1058950343.3809415,True,0.12081336211274006
60,,,46.608607799513265,0.49198340368451815,36.44883633712341,,,,,,,,,,,,,,,,0.12081328287168806,,,,0.3920494214530381,,,,,,,,1058934117.150724,,0.12081319708008553
