iteration,n_func_evals,loss,pde_loss,ic_loss,bc_loss,wall_time
0,0,15.805916080069778,15.800419028135018,7.619673061239144e-05,0.0004735084628636812,0.002351757138967514
1,3,14.925984248806005,14.77364023341296,0.005879126531159215,0.009355275008145132,0.02168489247560501
2,5,12.565624066594486,12.1820690957053,0.018829638442437173,0.01952585864648143,0.03389999084174633
3,6,8.369995942439324,7.5607346323266995,0.033400256679925446,0.047525874331336954,0.0417421068996191
4,7,6.531035512144025,5.7732796428688555,0.019217783701503503,0.05655780322601342,0.050083382055163383
5,8,5.905159242332855,4.984325349407201,0.010272251612375348,0.08181113768019013,0.058214059099555016
6,9,5.50945494143729,4.41151808765695,0.011449012232572987,0.09834467314546093,0.06659896299242973
7,10,4.962373668074555,3.6570952307574185,0.012567932576231955,0.11795991115548177,0.07488201931118965
8,11,4.052443503390363,2.649025385386816,0.013148709959992629,0.1271931018403621,0.08333863317966461
9,12,3.5791676834052693,1.9999625328631054,0.013580181559366442,0.14434033349484995,0.09201126359403133
10,13,3.338829409800042,1.6821066389787436,0.013969680128496849,0.15170259695363303,0.1009711604565382
11,14,3.391497753532102,1.622335684761926,0.014365078391849218,0.16255112848516837,0.1097924206405878
12,15,3.260834148579998,1.5380083075238884,0.01425103366569082,0.15803155043992015,0.1188716534525156
13,16,3.250875803523367,1.5389410391861154,0.014252657837180775,0.15694081859654438,0.12791761569678783
14,17,3.269158709716707,1.5820458507092179,0.01426792952504631,0.15444335637570267,0.1371253952383995
15,18,3.2787256732562837,1.59196401303494,0.014266742751474965,0.15440942327065937,0.14655589498579502
16,19,3.3668556137662864,1.694906857146303,0.014169947761617455,0.15302492790038086,0.1560758240520954
17,20,3.5057905290032507,1.9185884340666457,0.01359926723018165,0.14512094226347888,0.16573278047144413
18,22,3.6231367547377102,2.1823392627131812,0.012332793398626384,0.13174695580382653,0.18092812784016132
19,23,3.6421565965640634,2.182201445554474,0.012024328654299258,0.13397118644665967,0.19084848649799824
20,24,3.629617989189181,2.189392481460625,0.011768988115181518,0.1322535626576741,0.2008017599582672
21,28,4.100657576117638,2.309293488348579,0.015418438734654552,0.1637179700422513,0.22798524424433708
22,31,4.117060717255594,2.3424327208074107,0.015076971728249254,0.16238582791656903,0.2503289431333542
23,33,3.9233366390491837,2.405882086444854,0.012189801496202229,0.13955565376423074,0.2670043669641018
24,34,3.795069008059839,2.261630625789906,0.010539907708935817,0.14280393051805745,0.27772670798003674
25,36,3.620138940883271,2.099077806973735,0.010815686227823074,0.14129042716313053,0.29459454119205475
26,37,3.5213100374575252,1.9576719172389014,0.011905722473045218,0.14445808954881717,0.30551107972860336
27,38,3.41318767471398,1.6970654744536007,0.013363159513365166,0.15824906051267276,0.31727940775454044
28,39,3.156558863271481,1.4682616956147374,0.013300963071832206,0.15552875369384214,0.32838283106684685
29,40,3.2381916930631625,1.4674973055747098,0.014531341740278184,0.16253809700856706,0.3395058885216713
30,41,3.2097622598975786,1.402186137999852,0.014394703346492572,0.1663629088432801,0.35080886632204056
31,42,3.1125474682728123,1.2810536680900013,0.014288102747274899,0.1688612772710062,0.3622098658233881
32,43,2.882328914467897,1.052128536183595,0.01307212556256333,0.16994791226586686,0.37373195961117744
33,45,2.925084698832548,1.0083914193017278,0.013301006808088512,0.17836832114499349,0.3917036969214678
34,46,2.934817924833941,1.050436783062327,0.013064323441763406,0.175373790735398,0.40334237180650234
35,47,3.3410072562317694,1.6124064171589987,0.01274547173501174,0.16011461217226536,0.41495009139180183
36,48,4.4741788281129,3.2480689452253593,0.01127493196198237,0.11133605632677165,0.426897119730711
37,50,4.968089155595498,3.7350349824682456,0.016698152823510552,0.10660726448921472,0.444854311645031
38,51,4.179210796866574,2.838140299840114,0.015896017652417178,0.11821103205022879,0.45678866654634476
39,52,4.154491440472666,2.6734773718717877,0.01870367884467773,0.12939772801541008,0.46984289959073067
40,53,4.354261660757762,2.8080047302731264,0.02379699652366729,0.1308286965247964,0.4820220675319433
41,54,4.359420449309767,2.848205246544198,0.026576803208989377,0.12454471706756753,0.49421690963208675
42,55,4.291051624381197,2.757087292185246,0.029908113178771553,0.12348832004082352,0.5064871516078711
43,56,4.455554485006705,2.873118093167263,0.040252216890506995,0.11799142229343723,0.5189129523932934
44,58,4.494138772216206,2.5860961959354056,0.05426600852409791,0.13653824910398216,0.5373918041586876
45,60,4.406817093586075,2.5229903787179286,0.0548998678687298,0.13348280361808484,0.5558141581714153
46,61,4.162061632737593,1.9250784945211659,0.07098907939177743,0.15270923442986536,0.5685180742293596
47,62,4.290942053794525,2.216280975664136,0.0705563773723943,0.13690973044064458,0.5813810955733061
48,63,4.360730358965817,2.2033600722347058,0.07404786573653478,0.14168916293657643,0.5941840428858995
49,64,4.383488442988657,2.205483835322049,0.07640020251512189,0.1414002582515389,0.6070760190486908
50,65,4.373611857869166,2.2058084794885042,0.07685175220919889,0.13992858562886729,0.6200635470449924
51,66,4.422678805234746,2.216307328507866,0.08135057964976443,0.13928656802292363,0.6338038966059685
52,67,4.37202478984958,2.2892616414488156,0.08051939653696868,0.12775691830310776,0.6470244564116001
53,69,4.449582856834074,2.5420043923058544,0.07984543851707593,0.11091240793574607,0.6663248110562563
54,70,4.43632584330393,2.450163120919841,0.08911492332147115,0.10950134891693766,0.6806174274533987
55,72,4.316732599705974,2.4630013347971937,0.10229025107417494,0.08308287541670302,0.7000089325010777
56,73,4.116363710324197,2.0974616785859723,0.11035761454675132,0.09153258862707112,0.7136410791426897
57,74,3.928524634717487,1.9185225624152882,0.0890616207915696,0.11193858643865029,0.7273679077625275
58,76,3.6391531514878634,1.868436047407648,0.07565192711926605,0.10141978328875552,0.7471925560384989
59,77,3.4675691832458146,1.7899363138444877,0.07269053473382345,0.09507275220630924,0.7610384989529848
60,78,3.4106056774888245,1.709934878578652,0.07105126917133002,0.09901581071968725,0.7749413475394249
61,79,3.4222273290454384,1.7135301245912709,0.06763879141147751,0.10323092903393925,0.7890035435557365
62,80,3.3305092067280695,1.6979697329658001,0.06063823468997154,0.10261571268625538,0.8031057231128216
63,81,3.2621681755284913,1.6859443989642298,0.05392500113712055,0.10369737651930562,0.8172978684306145
64,82,3.411995468932746,1.822049741007826,0.051981147812170114,0.10701342498032192,0.8316771052777767
65,83,3.430579692877663,1.7080047796071958,0.05981758597629295,0.11243990535075377,0.8461852762848139
66,84,3.5568957880640353,1.8558708542100062,0.06154519375995852,0.10855729962544437,0.8607161957770586
67,85,3.4769749480314687,1.7879936898853168,0.06393176519448972,0.10496636062012545,0.875346664339304
68,86,3.405039769597057,1.7176276636846997,0.06658909342623037,0.10215211716500537,0.889985479414463
69,87,3.393718970365456,1.6992121362736945,0.06813615383898917,0.10131452957018697,0.9047281481325626
70,88,3.381694103820921,1.6904323056693322,0.06884060059152608,0.10028557922363279,0.9196929354220629
71,89,3.350448211979876,1.6628128096749488,0.06938067483432309,0.09938286539616961,0.9347975477576256
72,90,3.2988881521590345,1.6236970299581344,0.06874342415983678,0.09877568806025323,0.9497705325484276
73,91,3.268274840013141,1.5940819105421635,0.06661549940215905,0.10080379354493874,0.9654384553432465
74,92,3.318318301816276,1.589683050739648,0.06536680366228236,0.10749672144538044,0.9805979244410992
75,93,3.2975641947026126,1.543937649724874,0.0647109331942903,0.11065172130348355,0.9958163388073444
76,94,3.267353627940512,1.4820635542872653,0.06558946496617679,0.11293954239914786,1.0113012790679932
77,95,3.223776448781358,1.4426264386370269,0.06609312702965744,0.11202187398477563,1.0267015993595123
78,96,3.215144017732048,1.41507345264289,0.06701380313211183,0.11299325337680392,1.0422117859125137
79,97,3.1886703888006602,1.410218930953829,0.06884456042582833,0.10900058535885482,1.0578256323933601
80,98,3.2164482677955353,1.4217678687686297,0.07044984523179115,0.10901819467089936,1.0743330139666796
81,100,3.229575698489253,1.5241621242105021,0.06928278676764338,0.10125857066023176,1.0960722789168358
82,102,3.2972949290162203,1.6164101255302015,0.06757027896466816,0.10051820138393373,1.1177870724350214
83,104,3.538714095044753,1.9957386871455456,0.0725708189169119,0.08172672187300883,1.1396930646151304
84,106,4.926731240871818,3.275247447257433,0.08651570163215794,0.0786326777292805,1.1617140229791403
85,109,6.563726858365797,5.020965776977645,0.08145101722144006,0.07282509091737512,1.189862770959735
86,112,9.55932210852991,7.940593679143856,0.0765857316664669,0.08528711127213859,1.2179432548582554
87,115,14.78283854125533,13.749266560256997,0.052618452767012075,0.05073874533282116,1.2463268600404263
88,117,21.23509688986633,20.705704568604926,0.03039677597321286,0.022542456152927826,1.2687674649059772
89,119,22.160855207876143,21.599884288030257,0.02917534808000102,0.02692174390458752,1.2912067528814077
90,120,23.118168428010744,22.429360099829434,0.026302256637748957,0.04257857618038204,1.3077527917921543
91,121,23.561133578831836,22.87228398580191,0.02771182115688855,0.04117313814610374,1.3243852034211159
92,122,25.33691394208872,24.61930474422767,0.03026306185459783,0.041497857931507065,1.3412544280290604
93,123,23.066928010380874,22.08298432880486,0.035753091929353144,0.06264127622824854,1.3580982349812984
94,124,24.391857309443232,23.411472484670988,0.0337429415285037,0.06429554094872085,1.3751708883792162
95,125,26.294437207379872,25.401945567784427,0.02933701678313394,0.059912147176410864,1.392251731827855
96,126,26.354092470253253,25.525174740313222,0.0236673723381823,0.05922440065582078,1.409286554902792
97,127,25.393772568419298,24.697549704638806,0.015442342742672624,0.054179943635376634,1.4265415482223034
98,128,25.845162081182156,25.186948843436745,0.03749225754520075,0.02832906622934026,1.4439765196293592
99,130,25.46447449014908,24.736698315467738,0.02595438518263027,0.046823232285504224,1.4674300365149975
100,131,25.826561973680448,25.23250797778226,0.01633780615452138,0.04306759343529771,1.48491195961833
101,135,25.80500101912347,25.21645325061485,0.01565519064233536,0.04319958620852655,1.5180827360600233
102,136,25.097839900202754,24.578920052203184,0.015370881000514779,0.036521103799442185,1.53523812815547
103,137,15.873706711977837,13.453031692388166,0.096937219588366,0.14513028237060113,1.5518051702529192
104,138,5.514012052140152,4.854178724227918,0.022449371263911035,0.04353396152731238,1.5685367155820131
105,139,4.3908812978467955,3.763563768487056,0.005125238461129583,0.05760651447484434,1.5852008238434792
106,140,3.848442064208174,3.490803895164494,0.011141115364263078,0.024622701540104857,1.604605596512556
107,141,3.4529701579974006,3.1286718102903586,0.01319783796652698,0.0192319968041772,1.6217748392373323
108,142,2.8967852869824053,2.520924962419634,0.008471397349517254,0.02911463510675986,1.6385276950895786
109,143,2.130349618500212,1.641372226681078,0.011022685972905292,0.03787505320900815,1.6553635485470295
110,144,1.6919312875934351,1.2050199089527747,0.014484547905737569,0.03420658995832848,1.6722805593162775
111,145,1.438880503331565,0.91205876748715,0.019108418419504065,0.03357375516493745,1.6891849301755428
112,146,1.3483367622267035,0.8195369423481396,0.01894213800724899,0.033937843980607396,1.7060643658041954
113,147,1.257483772248332,0.7684669445583904,0.01701475201839039,0.03188693075060377,1.723051942884922
114,148,1.2455632366740916,0.7657425046258381,0.016142446043315176,0.03183962716151017,1.7401200402528048
115,149,1.266774141362022,0.7877565191733498,0.01659015225805527,0.03131160996081194,1.7572444882243872
116,150,1.2872215494790995,0.8023290687004633,0.017214210845320474,0.031275037232543164,1.774299142882228
117,151,1.3187196900282847,0.829352096007181,0.018151774086918503,0.030784985315191863,1.7918714191764593
118,152,1.439459924631466,0.9142134943513195,0.02110206934051122,0.031422573687503445,1.8090550117194653
119,153,1.560743064056416,1.0237339270144656,0.025061131142296408,0.028639782561898624,1.8263024371117353
120,154,1.6212313049369884,1.1299126081782238,0.027280577618619073,0.021851292057257398,1.8435447830706835
121,155,1.5706829693865,1.1064300047758402,0.0249903594760054,0.021434936985060587,1.8616801034659147
122,156,1.4356582870531889,1.0060949261498517,0.02259512996466732,0.020361206125666394,1.878899957984686
123,157,1.3432510330274279,0.8956415425010836,0.02190150762273229,0.022859441429902136,1.896297376602888
124,159,1.2670771275437334,0.8494525882984307,0.020939607398139853,0.020822846526390416,1.9195072669535875
125,160,1.2079662688389643,0.8109175578341374,0.02259610404851734,0.01710876705196536,1.9368730038404465
126,161,1.1956143882630133,0.7888172071292272,0.023116546035559044,0.017563172077819558,1.9545052219182253
127,162,1.1917197208464583,0.7804425322039357,0.0224530493382571,0.018674669525995155,1.9720228556543589
128,163,1.2044023709962604,0.7901375813106355,0.020766709179524098,0.02065976978903838,1.9894767869263887
129,164,1.218467478548555,0.8192398240565648,0.01953098965120038,0.02039177579799863,2.0071787517517805
130,165,1.2258404896470645,0.8591522679535238,0.017873795368037952,0.018795026801316117,2.024745723232627
131,166,1.2407745581449516,0.900300475270341,0.015474268706349482,0.018573139581111592,2.0431093629449606
132,167,1.1862298556842983,0.8913739737098765,0.013962165028233792,0.015523423169208381,2.060696104541421
133,168,1.200415486717754,0.8984197166843719,0.013502840972756471,0.016696736030581746,2.0781376119703054
134,169,1.204613732045112,0.8864692815661339,0.012704437991231807,0.019110007056666017,2.096272386610508
135,170,1.148919028497004,0.8100478975706821,0.011978991924261832,0.02190812116837034,2.1136800665408373
136,172,1.0576232005698731,0.7058270296509159,0.011884134515723788,0.023295482576171946,2.1370960604399443
137,173,1.0226658073352834,0.703602282636624,0.00987617072502485,0.02203018174484109,2.154654012992978
138,174,0.9345071140501267,0.6369906127659849,0.01156477127023683,0.018186878858177345,2.1723623368889093
139,175,0.8175107238074819,0.5608119108279502,0.012909104728758208,0.012760776569194963,2.189841102808714
140,178,0.7269084269523032,0.5119328064314094,0.012407324335627102,0.009090237716462276,2.219578020274639
141,180,0.6809567930749474,0.4744342760912834,0.012771162101205415,0.007881089597160985,2.242965504527092
142,181,0.5991042361398002,0.4023243469966613,0.01039017983680642,0.009287809077507475,2.260549494996667
143,183,0.5687267497074091,0.38652029897215723,0.008563685146882449,0.009656959926642733,2.2844114806503057
144,185,0.5634424365766362,0.3712219160108413,0.007591813375040452,0.011630238681539038,2.3080258276313543
145,186,0.5411953041340962,0.37083488573408846,0.006867874811187628,0.010168167028813156,2.3255440182983875
146,187,0.5482640131719311,0.3738098321430462,0.007209221606745356,0.01023619649614313,2.343103928491473
147,188,0.5616499905800749,0.38801254224159737,0.007631663692207975,0.009732081141639775,2.3606794960796833
148,189,0.585416201011926,0.4188443679935106,0.008456911600789962,0.008200271701051578,2.378309939056635
149,190,0.6068415261089362,0.4370722457535226,0.009523677050379695,0.007453250985161658,2.3965118005871773
150,191,0.6066842473047516,0.42365294095061407,0.010190269973204241,0.008112860662209499,2.414382403716445
151,192,0.6047299078057642,0.43019475927452033,0.009857471355584322,0.00759604349754006,2.4319901634007692
152,193,0.6110402778016102,0.43260945186810845,0.010130906385716811,0.0077121762076333596,2.449650587514043
153,194,0.6101810178624981,0.43120151313913835,0.01001418795005931,0.007883762522276667,2.4673538878560066
154,195,0.6259386645201915,0.431922724241994,0.009922907919966563,0.00947868610785319,2.4851055201143026
155,196,0.6171523682221787,0.4325710284901546,0.00977489741409441,0.008683236559107996,2.5027213878929615
156,197,0.611064682719818,0.43045030269964535,0.009673619375169036,0.008387818626848217,2.5202370192855597
157,198,0.5975500148841126,0.42817661450466343,0.009121993089185067,0.007815346948759853,2.5377651639282703
158,199,0.5856812989903475,0.4239818331255851,0.008570786714704239,0.007599159871772005,2.555310156196356
159,200,0.5778841354185941,0.42060465794660723,0.007988897212988259,0.007739050534210424,2.5728577561676502
160,201,0.5793628713728393,0.4193780762105515,0.007869757027953976,0.008128722488274802,2.59037422016263
161,202,0.5879291844665381,0.42032798065549365,0.008309177790821484,0.00845094259028295,2.608068710193038
162,203,0.5988586390319295,0.4152111723727355,0.008859089908169018,0.009505656757750386,2.625543864443898
163,204,0.6088132785237228,0.4244624072266614,0.009731854276168947,0.008703232853537192,2.6430400479584932
164,205,0.5958684292522092,0.41419819559970983,0.009432585731688368,0.008734437633561565,2.660477813333273
165,206,0.5806611796850075,0.40020820691678566,0.009418236495525003,0.008627060781297187,2.678018309175968
166,207,0.561582992445699,0.3831848440409075,0.009531898251419722,0.008307916589059425,2.6954651083797216
167,208,0.548721807038551,0.3696509964890104,0.009700477825939458,0.008206603229014604,2.7128873486071825
168,209,0.5384252195892981,0.36008905115972767,0.009759615236236113,0.008074001606720931,2.7303833197802305
169,210,0.5434654961018967,0.37057210170282895,0.009587413493451227,0.007701925946455548,2.747879311442375
170,211,0.5554393558027403,0.3751123899108154,0.00928466454422687,0.008748032044965619,2.765363311395049
171,212,0.5798640431778564,0.4122486839192728,0.008827553880396757,0.007933982045461606,2.782951593399048
172,213,0.558178328778509,0.3868708173676933,0.008907223270618407,0.008223527870463172,2.8003765922039747
173,214,0.553541928984597,0.3818143696154766,0.0089561290191125,0.008216626917799537,2.8178480081260204
174,215,0.5473854247512477,0.3754483520296908,0.009217733954107903,0.007975973318047799,2.8352790605276823
175,216,0.5495484464555058,0.37855724995314066,0.009544052581980078,0.007555067068256443,2.8534728717058897
176,217,0.553438247724701,0.3807335930562725,0.00989895085581011,0.0073715146110327374,2.8711739405989647
177,218,0.5702471582758585,0.4030712332786638,0.010249069808858464,0.006468522690860999,2.888746714219451
178,219,0.5773387590779084,0.4083182198216487,0.010483712770822745,0.006418341154803236,2.906400930136442
179,221,0.5741981572495496,0.4140013480333007,0.010332763370669393,0.005686917550955495,2.929818719625473
180,223,0.5943162382035356,0.4417969529785862,0.010481752889665068,0.004770175632829884,2.953317681327462
181,224,0.5960348133272194,0.4444937433620492,0.010516813163052354,0.004637293833464661,2.9718342069536448
182,225,0.5897151462264087,0.4229480421664377,0.010913935362223803,0.005762775043773303,2.989290399476886
183,227,0.5802561349759716,0.4193971131005876,0.010514379195257315,0.005571522992281087,3.012627327814698
184,228,0.5888900609942409,0.433574010156583,0.011029545361807242,0.004502059721958548,3.0302279870957136
185,229,0.5863876408680445,0.42469561152318486,0.011918642600018316,0.004250560334467644,3.0476868953555822
186,230,0.57874975320009,0.4093380786236709,0.01306764690254673,0.0038735205550951865,3.0650732833892107
187,231,0.5755811120840988,0.40168841560728574,0.01344475052676779,0.003944519120913511,3.082465359941125
188,232,0.5700397738862537,0.39608147157323503,0.013377769837240316,0.004018060394061543,3.099884480237961
189,233,0.5685464082907233,0.3940298509288285,0.013589927645831683,0.0038617280903578003,3.1174089163541794
190,234,0.5735616773208557,0.3971372988839699,0.013770629117645768,0.0038718087260428114,3.134915616363287
191,235,0.5826511754774023,0.4041541843720001,0.014304701360812314,0.00354499774972791,3.1523826606571674
192,236,0.5966484745637756,0.4166052851399569,0.014326085393617719,0.003678233548764151,3.1698823794722557
193,237,0.593814269900478,0.414433559729233,0.014337896298591172,0.0036001747185333338,3.187336904928088
194,239,0.5928892618638557,0.41428036672659774,0.014335129194148427,0.0035257603195773648,3.2105982340872288
195,240,0.5951936633342165,0.4162110047257905,0.014362683676466356,0.0035355821843762493,3.2282483763992786
196,241,0.5995526605598362,0.4181962137182943,0.014499650338570817,0.0036359943455833836,3.2462101113051176
197,242,0.6099385081946358,0.4279557541074149,0.014467231572958466,0.00373104383576363,3.2636496145278215
198,243,0.6081224175853267,0.42803450523520875,0.013997914312824936,0.004010876922186858,3.2811996024101973
199,244,0.6124241310685365,0.4357771691014095,0.01384437224924569,0.003820323947467008,3.2986655440181494
200,245,0.6084652905793372,0.4316696554627524,0.013520372046172893,0.004159191465485583,3.3160741552710533
201,247,0.4365511852880584,0.26706171360143427,0.012777954247325208,0.004170992921337209,3.339114284142852
202,248,0.383316175347291,0.18930612521414567,0.01405284754535235,0.0053481574679621795,3.3556063435971737
203,249,0.3382407227401564,0.12583591916120299,0.01234894673518631,0.008891533622709027,3.372165948152542
204,250,0.3323685483019902,0.1514337880713577,0.011938825520753628,0.0061546505023096195,3.3887069318443537
205,251,0.33176172419849903,0.1542905244592682,0.012583545586021178,0.005163574387901909,3.4052983094006777
206,253,0.3375679067827338,0.1743502769620554,0.011545783329082498,0.004775979652985342,3.4269705675542355
207,254,0.3400542686693619,0.17868217762671496,0.011133517381571138,0.005003691722693557,3.4436029605567455
208,255,0.34267054434865085,0.18784142170555637,0.009915639634505233,0.005567272629804219,3.460274498909712
209,256,0.33886649221670995,0.18611448957693363,0.010547058489185673,0.004728141774791961,3.4770532324910164
210,257,0.33562380378183143,0.18564011587687038,0.010392566708351602,0.0046058020821445,3.4941629469394684
211,258,0.3301725382086125,0.1816509701709129,0.010291640340446809,0.00456051646332315,3.5110250990837812
212,259,0.3099942215811576,0.1626819172502978,0.0103625347986641,0.0043686956344218784,3.5278444830328226
213,260,0.28925633756091673,0.1416579288794675,0.010634632253461698,0.004125208614683226,3.544732380658388
214,261,0.27942642438404386,0.13048300968536214,0.010738627459489721,0.004155714010378446,3.5615874361246824
215,262,0.2660756816709928,0.11383859736427279,0.010771956756295626,0.00445175167437638,3.5785577073693275
216,263,0.2653630443492889,0.11218350075956252,0.010599814226139277,0.0047181401328333615,3.595514837652445
217,264,0.25173317460584166,0.09682929051345202,0.010864625637260487,0.004625762771978481,3.6129939686506987
218,265,0.2554236306065618,0.10472777910456017,0.010213399817891988,0.004856185332308174,3.630239112302661
219,266,0.25142401029098227,0.10103183843043595,0.010290718836728496,0.004748498349326138,3.6473103631287813
220,267,0.24995357349177982,0.09721826535388838,0.010289586247191021,0.004983944566598123,3.664369311183691
221,268,0.2468203176201833,0.09693745629445467,0.010241368971013258,0.004746917161559607,3.6815420854836702
222,269,0.24650753342531745,0.0994895048884776,0.010181783152104489,0.004520019701579494,3.699151759967208
223,270,0.24835559937919444,0.10586212978109608,0.010081171812581925,0.004168175147227909,3.7163607720285654
224,271,0.25130936670193627,0.11335042535666476,0.009976543780315553,0.0038193503542116015,3.7335485611110926
225,272,0.25454422565449986,0.12025391896031642,0.009833933879052587,0.003595096790365757,3.7508461121469736
226,273,0.2538178698089721,0.12207376596865173,0.009743334659746392,0.003431075724285645,3.7681374177336693
227,274,0.2521734950419766,0.12305368652203352,0.009530975552611894,0.00338100529938241,3.7854344602674246
228,275,0.24562680584494678,0.11775547719164617,0.009485206142287555,0.0033019267230425045,3.802854895591736
229,276,0.24050104402002387,0.1130953150873749,0.009553142166635149,0.003187430726629749,3.820240816101432
230,277,0.23317246683968354,0.1063529804362161,0.009621070921572944,0.003060877718773799,3.8376951161772013
231,278,0.22764275098598247,0.0993701705213546,0.00976611314415122,0.003061144902311567,3.8552570324391127
232,279,0.21761198844035598,0.09316147195128645,0.009519053255690264,0.0029259983932166896,3.873111091554165
233,280,0.21261650230735202,0.0885530290510203,0.009165370814044135,0.0032409765115890355,3.8907011076807976
234,281,0.22392325395137896,0.10524903014121986,0.0092105577105203,0.0026568646704956084,3.908719029277563
235,282,0.2118308342795538,0.07836834045927042,0.010414265235860563,0.0029319841461677735,3.9262328557670116
236,283,0.212254526015979,0.07879436431162513,0.010131300448588768,0.003214715721846618,3.9437699671834707
237,284,0.21318440176042108,0.08361916160580941,0.01000054988240466,0.0029559741330565056,3.9611878283321857
238,285,0.2144143595513881,0.08451851447861669,0.009897939417160512,0.00309164509011663,3.978749629110098
239,286,0.21405496097969262,0.08642002938398957,0.010245054418871222,0.0025184387406990815,3.996321989223361
240,287,0.21563451474155954,0.08711903118434688,0.010359359617280472,0.0024921887384407922,4.013847026973963
241,288,0.21107721484655265,0.08410669026992126,0.0102160317922269,0.0024810206654362374,4.031272441148758
242,289,0.21255862523830743,0.08662526477630955,0.010172076989562778,0.002421259056637011,4.04879274405539
243,290,0.21802400766641164,0.09353403912954635,0.010214489930043336,0.0022345069236431947,4.066299928352237
244,291,0.21682863308440276,0.0934950683214576,0.010164043711859264,0.0021693127644352513,4.083738399669528
245,292,0.21799667254899815,0.0973983420142509,0.010004131459498338,0.0020557015939763855,4.101190339773893
246,293,0.22212574523728273,0.1045899894485758,0.009790849846571793,0.001962725732298901,4.118577158078551
247,294,0.23126020330896938,0.11720095001888338,0.009532618289400857,0.0018733070396077418,4.136060012504458
248,295,0.23489922106333505,0.1194425898824132,0.009475605944621702,0.0020700571734704834,4.153485910966992
249,297,0.24256416733720443,0.12816594512548118,0.009339830094769946,0.0020999921264023788,4.176962573081255
250,298,0.2418978597504056,0.12495171571614604,0.00932777598804053,0.0023668384153854257,4.194480836391449
251,299,0.24730905215662569,0.13030639218326068,0.0094450206561055,0.0022552453412309982,4.212462220340967
252,300,0.24972969728554958,0.13274917340879533,0.009486695983605242,0.002211356404070183,4.229873007163405
253,301,0.2483175289552257,0.13046872026100445,0.009556316188831241,0.0022285646805908863,4.247403467074037
254,302,0.2508178366821776,0.13313672493147258,0.009560012975003692,0.0022080982000668116,4.264878319576383
255,303,0.2528625982303727,0.13556561575480236,0.00955654265535322,0.002173155592203813,4.2823660504072905
256,304,0.25688829446187034,0.14001122906953842,0.009534984077933188,0.0021527224613000027,4.2998819556087255
257,305,0.2604299625397066,0.14427034148605372,0.009518647674238526,0.002097314431126763,4.31755287013948
258,306,0.26623670820493783,0.15031326319231617,0.009464622312843035,0.002127722188419129,4.335022604092956
259,307,0.2676310513394191,0.15156751758151973,0.009457867354228686,0.0021484860215612495,4.352575767785311
260,308,0.26291893331891547,0.14657777588995097,0.009327725157103686,0.002306390585792763,4.370016409084201
261,309,0.25695729916364946,0.14002658575830285,0.009338850943713827,0.0023542203968208325,4.387627299875021
262,310,0.24542961590066237,0.12999166274761034,0.009366033115819461,0.002177762199485741,4.405188387259841
263,311,0.25035412265454027,0.13428286773676454,0.009412367665464647,0.0021947578263129294,4.422669505700469
264,312,0.2540188103493858,0.13896076313161237,0.009396829572329372,0.002108975149447969,4.44017792865634
265,313,0.2560072802682856,0.1415131762978663,0.009407054213536487,0.0020423561835054447,4.457781281322241
266,314,0.2599266734494191,0.14631107349222508,0.00933085505404121,0.0020307049416781915,4.475314384326339
267,315,0.25756659909257623,0.14398047780251236,0.009348630337543509,0.002009981791462878,4.492755547165871
268,316,0.2588834018033522,0.1455054840010036,0.00928966850670886,0.002048123273525998,4.510233843699098
269,317,0.2624079518226105,0.14985548332975807,0.009173030236829034,0.00208221661245621,4.527783615514636
270,318,0.2658731094849111,0.1537585465439422,0.009090073724990943,0.0021213825691059488,4.545378988608718
271,319,0.26907032399459196,0.15800969272611728,0.008953782641112608,0.0021522804857348576,4.562893562018871
272,320,0.27267500424633456,0.16260582801362186,0.008848919150984865,0.002157998472286404,4.580354537814856
273,321,0.26942833922496845,0.15971283011034726,0.008767392294760932,0.002204158616701185,4.597836904227734
274,323,0.27121072637611693,0.1633323403585781,0.00874584216693941,0.002041996434814472,4.621200513094664
275,324,0.26926277469727,0.1632009341450635,0.00877003327732119,0.0018361507778994577,4.6387096755206585
276,325,0.26796080539557876,0.16009268446566507,0.008881515239081277,0.0019052968539100918,4.656296906992793
277,326,0.26094454292318564,0.152118262571141,0.008930032522056494,0.0019525955131479698,4.673794535920024
278,327,0.25134861310157725,0.14153374184866147,0.008990413391541868,0.00199107373374971,4.6912763100117445
279,328,0.24537099836649198,0.13560429213583394,0.008982780590753919,0.0019938900323118844,4.70890099555254
280,329,0.24102633050032007,0.13467324794740068,0.008753143790922945,0.0018821644643689942,4.726482322439551
281,330,0.2439766163946137,0.13894591876960913,0.00874199076451931,0.001761078997981148,4.744059739634395
282,331,0.24945689041518843,0.14668934271158143,0.008626023827389973,0.0016507309429707269,4.761688183993101
283,332,0.2672820938863173,0.16690098113796703,0.008359414607927312,0.0016786966669077121,4.779178163036704
284,333,0.26572681570257495,0.16681797658796488,0.008201884056547759,0.0016889998549132453,4.796788090839982
285,334,0.2504500165228615,0.15358834944267633,0.00809477334115459,0.0015913933668639272,4.814396943897009
286,335,0.2560905059004175,0.15845261225305896,0.008073299277692087,0.0016904900870437656,4.8322957046329975
287,336,0.2602026335800234,0.1647224680931856,0.007858645486703297,0.0016893710619804822,4.849791767075658
288,338,0.2641022015099637,0.17045619536971837,0.007630906345304044,0.0017336942687204897,4.873303955420852
289,339,0.2654830542132941,0.17587070109765082,0.007381954460211327,0.0015792808513529993,4.890833236277103
290,340,0.26747959263389137,0.1795641258701621,0.007179987306439553,0.0016115593699333735,4.908338913694024
291,341,0.26426926406686646,0.1753602082010162,0.007267898102192583,0.0016230074843924477,4.925799939781427
292,342,0.26526226573341244,0.177329646094785,0.007189159052316702,0.0016041029115460438,4.943273080512881
293,343,0.2679882334711398,0.18138431619082976,0.007061010961663448,0.0015993807663675554,4.9608809389173985
294,344,0.26899264668303846,0.18315539651545712,0.00696611056415139,0.0016176144526067462,4.978428136557341
295,345,0.26744885851613176,0.1822737522420705,0.006890894879587994,0.0016266157478181283,4.9959092903882265
296,346,0.2666728884232513,0.17956513978819313,0.0069694724102397285,0.0017413024532660895,5.0135436076670885
297,347,0.2630483865462563,0.1760083694710195,0.006970853942531734,0.0017331477649919454,5.0310538206249475
298,348,0.26047529753262977,0.17321156593736284,0.006985415428843783,0.0017409577306829072,5.048538867384195
299,349,0.2630605201123569,0.17563080632207398,0.006995543127187858,0.001747428251840437,5.066144527867436
300,350,0.2637994260372718,0.17615959170440762,0.007013293771304061,0.0017506896619823567,5.083619607612491
301,357,0.24836891263405425,0.1559467634915207,0.0073708886964451974,0.0018713262178081567,5.132477512583137
302,362,0.24753718073865943,0.15446772405138967,0.007388474033377421,0.0019184716353495559,5.170541655272245
303,363,0.230428294875007,0.1347467751490144,0.007502746372543888,0.0020654056000553728,5.1873579528182745
304,366,0.21690418764052297,0.11595292274445843,0.007233412535420672,0.002861713954185781,5.215549424290657
305,368,0.20872170707508253,0.11029419898170742,0.007110291369292563,0.002732459440044949,5.237880375236273
306,369,0.1917355969779037,0.09719697481726532,0.007790500251664594,0.0016633619643992455,5.2553741335868835
307,370,0.1824919443555046,0.08825100530539348,0.007465639796401996,0.001958454108609115,5.2726756837219
308,371,0.1788798572445897,0.08591844307336093,0.007279705819868175,0.0020164355972547053,5.289813140407205
309,372,0.17674115930957326,0.08505687196184984,0.007303816251844588,0.0018646124829277532,5.306923694908619
310,373,0.17268682932187068,0.08052950508826454,0.0075469206456393045,0.0016688117777213102,5.324204809963703
311,374,0.16851084983645565,0.07217709026674649,0.007869387305208225,0.0017639886517626896,5.3413807433098555
312,375,0.16078896401624657,0.06629162615054492,0.007936835727439882,0.0015128980591302829,5.358597824349999
313,376,0.1523981987117235,0.056910565270908944,0.008172891988073966,0.0013758713560074905,5.375943271443248
314,377,0.14454370015629514,0.05652321305360161,0.007607735891673455,0.001194312818595896,5.393296578899026
315,378,0.14001079226122523,0.06358432655297133,0.0061007028377337924,0.001541943733091598,5.410604819655418
316,379,0.14966411616256478,0.08081706401130431,0.005113341613634997,0.0017713636014910486,5.4280552174896
317,380,0.14148798140258045,0.0751381164906881,0.005004442145060135,0.0016305443461291011,5.445679763332009
318,381,0.13997563877944713,0.07481287970227107,0.004933259506074094,0.0015830164016435114,5.46316852979362
319,382,0.1510198986660928,0.09060473540587981,0.004725643173184602,0.001315873152836698,5.4809668473899364
320,383,0.1483293326579613,0.08811527437808693,0.004901838153822794,0.001119567674164644,5.498563950881362
321,384,0.1477560497642863,0.08843275418172589,0.0047438636562371055,0.0011884659020189364,5.516090901568532
322,385,0.14455792158807415,0.08778997450063972,0.0044406066743284504,0.0012361880344149933,5.533602049574256
323,386,0.1469421647322353,0.08966324546737305,0.004168675226557495,0.0015592166999287304,5.551092056557536
324,387,0.14525393062266714,0.088994309881034,0.004315124553308684,0.0013108375208546296,5.568579580634832
325,388,0.14343021842068804,0.0855538603779919,0.004608798194017195,0.0011788376102524198,5.5862550642341375
326,389,0.14628418631131096,0.08832191043708786,0.004633076002587491,0.0011631515848348184,5.603826647624373
327,390,0.14850194822165863,0.09089117361755987,0.004620792417016607,0.0011402850433932703,5.621274512261152
328,391,0.14986637282166834,0.0931516010820303,0.00459943885320576,0.0010720383207580442,5.638851851224899
329,392,0.14955046034797664,0.09282262447621338,0.004639015517412669,0.0010337680697636588,5.656349239870906
330,393,0.14879704268507843,0.09140099134448174,0.004808456865681791,0.0009311482683778797,5.673850631341338
331,394,0.14823138770502853,0.08931541607408523,0.004976764776598181,0.000914832386496148,5.691421329975128
332,395,0.14383904974020062,0.08361875266259962,0.005323254630038405,0.0006987750777216959,5.7088441122323275
333,396,0.14303864921468915,0.08306512166392144,0.005202417180390496,0.0007949355746862753,5.726523911580443
334,397,0.138428430428451,0.08016093035369387,0.005024408018329614,0.0008023419891460972,5.74407703243196
335,398,0.13519182448051545,0.07720980055871172,0.004964189325576086,0.0008340130666042863,5.762083075940609
336,399,0.13409445777993442,0.07725643350572438,0.004817981388004324,0.0008658210394166808,5.77975295111537
337,400,0.12900342017175853,0.07226513248708301,0.004883353901061932,0.0007904748674056189,5.797280963510275
338,401,0.11952228585435262,0.06527917015178067,0.00463738319644898,0.0007869283738082157,5.8147399835288525
339,403,0.11602013695514465,0.06365710296453692,0.004493615088242166,0.0007426883108186086,5.838361835107207
340,404,0.11754754870274829,0.06581938104546486,0.00433244265562756,0.000840374110100784,5.855907768011093
341,405,0.12300771586006629,0.0721111441016236,0.004241992508558878,0.0008476646672853897,5.873419864103198
342,406,0.12271921693709625,0.07311203272654196,0.004106889200208453,0.0008538292208469776,5.890931939706206
343,407,0.12170048927118579,0.07215737151472876,0.004167378241031016,0.0007869335346146879,5.908458843827248
344,408,0.12247975112520028,0.07222205808736712,0.00424486952213129,0.000780899781652026,5.926010875031352
345,409,0.12451153365826709,0.07425948887392675,0.004239209681890061,0.0007859947965439738,5.943574966862798
346,410,0.12517510760787123,0.07448494460557288,0.004253600160138809,0.0008154161400910267,5.9610096495598555
347,411,0.1261167352065578,0.0754127149991557,0.004233949167717533,0.000836452853022677,5.978695198893547
348,412,0.12593764185216794,0.07512668457881243,0.00424898468816072,0.00083211103917483,5.996171506121755
349,413,0.12604347512694541,0.0752904215154258,0.0042512751670888945,0.0008240301940630679,6.014145547524095
350,414,0.1266390002074305,0.07582326536158059,0.0042844412683175626,0.000797132216267428,6.031724354252219
351,415,0.12751264422559433,0.07675027378136422,0.004302393402845351,0.0007738436415776628,6.049171755090356
352,416,0.12857069197833637,0.07771721661382713,0.004344227429678575,0.000741120106772347,6.066725641489029
353,417,0.12993087933832104,0.07910058946302657,0.004368024759127611,0.0007150042284018349,6.084314813837409
354,418,0.13045723657315728,0.07986145818864046,0.0043767400478348885,0.0006828377906167921,6.101772444322705
355,419,0.13023177050552104,0.07996770569094357,0.004363383935911781,0.0006630225455459675,6.119354860857129
356,420,0.13065334768429976,0.08084024048878495,0.0042620301829231905,0.0007192805366282888,6.137004716321826
357,421,0.13163760086038168,0.0818709346312511,0.00421461617816999,0.000762050444743066,6.154490131884813
358,422,0.13432967568223783,0.08588208000990477,0.004066679919113443,0.0007780796481198628,6.1719697546213865
359,423,0.13297193207926022,0.08261866745644876,0.004192118571265533,0.0008432078910156139,6.189569227397442
360,424,0.13188918411261752,0.08310034730028006,0.0040669679501454115,0.0008119157310883359,6.207064092159271
361,425,0.12888079018085005,0.08032701862283259,0.004052618146516528,0.0008027590092852177,6.224563425406814
362,426,0.12547995440530615,0.07744250678347243,0.003972127326227221,0.0008316174359561521,6.242280796170235
363,427,0.12578807351473206,0.0791869527445992,0.0038294266519134897,0.0008306854250997956,6.25978859141469
364,428,0.12352821764394804,0.07588579194644958,0.003916673969728793,0.0008475686000210535,6.277373719960451
365,429,0.12221110219261641,0.07518860115605054,0.003737628744543008,0.0009646213591135796,6.294885333627462
366,430,0.12097234583411925,0.07482583024293461,0.0037057170558456387,0.0009089345032728243,6.312350379303098
367,431,0.11779260237667083,0.0747017571529156,0.0034249120297062557,0.0008841724926692677,6.329863425344229
368,433,0.11600955738553655,0.0718814680874963,0.0034923721356078102,0.0009204367941962136,6.35335448756814
369,434,0.11358797454402658,0.0691244881506752,0.003558658874129027,0.0008876897652061104,6.370947590097785
370,435,0.1125784210934751,0.06934693354739234,0.0034036886334519265,0.0009194601211563495,6.388629535213113
371,436,0.11061652067416125,0.06845889239736848,0.0033092182518064455,0.0009065445758728312,6.40628482028842
372,437,0.1094739176175492,0.06746425010950663,0.0032496768770967385,0.0009512898737075184,6.423847306519747
373,438,0.10703969929051638,0.06541896095774091,0.0032143410035369475,0.0009477328297406,6.44153861515224
374,439,0.10082664269892239,0.05847254207874873,0.003258646024921049,0.0009767640370963156,6.459162840619683
375,440,0.09876149095428044,0.058700533734445996,0.0030386352537468487,0.0009674604682365966,6.476717617362738
376,442,0.09985623725225201,0.058889781549479124,0.003105638208192569,0.0009910073620847195,6.500339364632964
377,443,0.10195948880208679,0.06062059668508681,0.0031628621020556706,0.0009710271096443271,6.517843496054411
378,444,0.10845470750958343,0.06655733578029402,0.003258082437136872,0.0009316547357920693,6.535307297483087
379,445,0.1145058215207027,0.07325808039702221,0.0032362758140284413,0.0008884982983396069,6.552784763276577
380,447,0.11641800104525751,0.0753325238098879,0.0032821954360827813,0.00082635228745418,6.576378967612982
381,448,0.11503720423154438,0.07330219843978435,0.0033391266989226676,0.0008343738802533358,6.594056384637952
382,449,0.11490562179247085,0.0738361903659222,0.003279178770124334,0.0008277643725305322,6.611539646983147
383,450,0.11603696197588832,0.07510727986306838,0.003278463611829924,0.0008145045994520711,6.629926107823849
384,451,0.11688024677360886,0.07608357469165293,0.0032566573882753798,0.0008230098199202147,6.64743528701365
385,452,0.11635992975896223,0.07556959923405523,0.0032305200376118504,0.0008485130148788492,6.665533751249313
386,453,0.11617584706619755,0.0750305681431013,0.003237681008844397,0.0008768468834652265,6.683136699721217
387,455,0.11410772223602413,0.07421904117032367,0.0031114034701522743,0.0008774646364177717,6.706711709499359
388,456,0.11439233794132568,0.07492943349025262,0.0030722775496879367,0.0008740128954193689,6.72419754602015
389,457,0.11661362848463028,0.07765154868350906,0.003063070090071788,0.0008331378900403352,6.741613619029522
390,458,0.11318688068509611,0.07395971821362243,0.0031244908897723332,0.0007982253573750354,6.759190276265144
391,459,0.11410453430312231,0.07482207885756077,0.0031005222226572625,0.0008277233218988922,6.776698378846049
392,460,0.1144651978682796,0.07522787675650391,0.0030800562820503577,0.0008436758291272121,6.794157551601529
393,461,0.11430702841573301,0.07470638012892991,0.0030988253099128223,0.0008612395187674875,6.811708191409707
394,463,0.11369337813546558,0.07438074934662232,0.0030661520077396778,0.0008651108711446473,6.835166942328215
395,464,0.11289719406971775,0.07379963507779559,0.0030419657023367107,0.000867790196855506,6.852808790281415
396,465,0.11247781264833799,0.07317974360590661,0.0030791085675041224,0.0008506983367390157,6.870398052036762
397,466,0.11229414124629547,0.07401419574782848,0.0029744125553422592,0.0008535819945044392,6.887988030910492
398,467,0.11270702043084083,0.0742717443999899,0.0029983148152836437,0.0008452127878014489,6.905657526105642
399,468,0.11390550190245814,0.07502774006407795,0.0030678326551549697,0.000819943528683049,6.923123989254236
400,469,0.11372656722973395,0.07467173979664508,0.003097825577862052,0.000807657165446835,6.940727956593037
401,480,0.11359256587825756,0.07404404790831053,0.003160318231647156,0.0007945335653475481,7.011611195281148
402,482,0.11247539758701011,0.06953981637875291,0.0034155772756963407,0.0008779808451293787,7.033655624836683
403,484,0.11236258031654395,0.06889468783041816,0.0034459499075402485,0.0009008393410723292,7.055952563881874
404,485,0.1101884080927551,0.063425036949842,0.0035268380173737023,0.0011494990969176068,7.072885110974312
405,486,0.10568085068134479,0.05830269624141882,0.003474191707420732,0.0012636237365718655,7.089806340634823
406,488,0.09839859681252242,0.05710821940229676,0.002935790953548184,0.0011932467874743806,7.1123406291008
407,490,0.0877774033527639,0.052492737217929644,0.002538014488957672,0.0009904521245257532,7.1349351443350315
408,492,0.07852165062560743,0.04416944215141084,0.0023251131194931976,0.0011101077279264623,7.157934043556452
