case,P,method,seed,device,eps_ref_final,eps_ref_min,k_min,run,commit,note
bl,64,LiL-N,,cuda,0.1327698931158156,NA,NA,B_instrumentation/four_method_jobs/bl_gpu/models/bl_P64_LiL-N_sna_cuda,905e58c480c7f2860443a5235bb8bbacd98efda0,only the final model was saved: eps_ref_min and k_min need the intermediate iterates
bl,64,NiL-N,0,cuda,0.02629308247351867,NA,NA,B_instrumentation/four_method_jobs/bl_gpu/models/bl_P64_NiL-N_s0_cuda,905e58c480c7f2860443a5235bb8bbacd98efda0,only the final model was saved: eps_ref_min and k_min need the intermediate iterates
bl,64,NiL-N,1,cuda,0.050199164588172786,NA,NA,B_instrumentation/four_method_jobs/bl_gpu/models/bl_P64_NiL-N_s1_cuda,905e58c480c7f2860443a5235bb8bbacd98efda0,only the final model was saved: eps_ref_min and k_min need the intermediate iterates
bl,64,NiL-N,2,cuda,0.04836669291927961,NA,NA,B_instrumentation/four_method_jobs/bl_gpu/models/bl_P64_NiL-N_s2_cuda,905e58c480c7f2860443a5235bb8bbacd98efda0,only the final model was saved: eps_ref_min and k_min need the intermediate iterates
bl,64,NiL-Q,0,cuda,0.1125161598824993,NA,NA,B_instrumentation/four_method_jobs/bl_gpu/models/bl_P64_NiL-Q_s0_cuda,905e58c480c7f2860443a5235bb8bbacd98efda0,only the final model was saved: eps_ref_min and k_min need the intermediate iterates
bl,64,NiL-Q,1,cuda,0.10238025081420525,NA,NA,B_instrumentation/four_method_jobs/bl_gpu/models/bl_P64_NiL-Q_s1_cuda,905e58c480c7f2860443a5235bb8bbacd98efda0,only the final model was saved: eps_ref_min and k_min need the intermediate iterates
bl,64,NiL-Q,2,cuda,0.09445163154821334,NA,NA,B_instrumentation/four_method_jobs/bl_gpu/models/bl_P64_NiL-Q_s2_cuda,905e58c480c7f2860443a5235bb8bbacd98efda0,only the final model was saved: eps_ref_min and k_min need the intermediate iterates
bl,256,LiL-N,,cuda,0.038350544157063716,NA,NA,B_instrumentation/four_method_jobs/bl_gpu/models/bl_P256_LiL-N_sna_cuda,905e58c480c7f2860443a5235bb8bbacd98efda0,only the final model was saved: eps_ref_min and k_min need the intermediate iterates
bl,256,NiL-N,0,cuda,0.013627850060464203,NA,NA,B_instrumentation/four_method_jobs/bl_gpu/models/bl_P256_NiL-N_s0_cuda,905e58c480c7f2860443a5235bb8bbacd98efda0,only the final model was saved: eps_ref_min and k_min need the intermediate iterates
bl,256,NiL-N,1,cuda,0.010500864663480007,NA,NA,B_instrumentation/four_method_jobs/bl_gpu/models/bl_P256_NiL-N_s1_cuda,905e58c480c7f2860443a5235bb8bbacd98efda0,only the final model was saved: eps_ref_min and k_min need the intermediate iterates
bl,256,NiL-N,2,cuda,0.01982824824578767,NA,NA,B_instrumentation/four_method_jobs/bl_gpu/models/bl_P256_NiL-N_s2_cuda,905e58c480c7f2860443a5235bb8bbacd98efda0,only the final model was saved: eps_ref_min and k_min need the intermediate iterates
bl,256,NiL-Q,0,cuda,0.012216021374996375,NA,NA,B_instrumentation/four_method_jobs/bl_gpu/models/bl_P256_NiL-Q_s0_cuda,905e58c480c7f2860443a5235bb8bbacd98efda0,only the final model was saved: eps_ref_min and k_min need the intermediate iterates
bl,256,NiL-Q,1,cuda,0.01417022432865552,NA,NA,B_instrumentation/four_method_jobs/bl_gpu/models/bl_P256_NiL-Q_s1_cuda,905e58c480c7f2860443a5235bb8bbacd98efda0,only the final model was saved: eps_ref_min and k_min need the intermediate iterates
bl,256,NiL-Q,2,cuda,0.013882780809266188,NA,NA,B_instrumentation/four_method_jobs/bl_gpu/models/bl_P256_NiL-Q_s2_cuda,905e58c480c7f2860443a5235bb8bbacd98efda0,only the final model was saved: eps_ref_min and k_min need the intermediate iterates
bl,576,LiL-N,,cuda,0.0071053585411263885,NA,NA,B_instrumentation/four_method_jobs/bl_gpu/models/bl_P576_LiL-N_sna_cuda,905e58c480c7f2860443a5235bb8bbacd98efda0,only the final model was saved: eps_ref_min and k_min need the intermediate iterates
bl,576,NiL-N,0,cuda,0.004828804271201188,NA,NA,B_instrumentation/four_method_jobs/bl_gpu/models/bl_P576_NiL-N_s0_cuda,905e58c480c7f2860443a5235bb8bbacd98efda0,only the final model was saved: eps_ref_min and k_min need the intermediate iterates
bl,576,NiL-N,1,cuda,0.004583245065079931,NA,NA,B_instrumentation/four_method_jobs/bl_gpu/models/bl_P576_NiL-N_s1_cuda,905e58c480c7f2860443a5235bb8bbacd98efda0,only the final model was saved: eps_ref_min and k_min need the intermediate iterates
bl,576,NiL-N,2,cuda,0.00808742311125769,NA,NA,B_instrumentation/four_method_jobs/bl_gpu/models/bl_P576_NiL-N_s2_cuda,905e58c480c7f2860443a5235bb8bbacd98efda0,only the final model was saved: eps_ref_min and k_min need the intermediate iterates
bl,576,NiL-Q,0,cuda,0.006708164746954696,NA,NA,B_instrumentation/four_method_jobs/bl_gpu/models/bl_P576_NiL-Q_s0_cuda,905e58c480c7f2860443a5235bb8bbacd98efda0,only the final model was saved: eps_ref_min and k_min need the intermediate iterates
bl,576,NiL-Q,1,cuda,0.004247981986965629,NA,NA,B_instrumentation/four_method_jobs/bl_gpu/models/bl_P576_NiL-Q_s1_cuda,905e58c480c7f2860443a5235bb8bbacd98efda0,only the final model was saved: eps_ref_min and k_min need the intermediate iterates
bl,576,NiL-Q,2,cuda,0.0038130916992341014,NA,NA,B_instrumentation/four_method_jobs/bl_gpu/models/bl_P576_NiL-Q_s2_cuda,905e58c480c7f2860443a5235bb8bbacd98efda0,only the final model was saved: eps_ref_min and k_min need the intermediate iterates
bl,1024,LiL-N,,cpu,0.0010839757404308475,NA,NA,B_instrumentation/four_method_jobs/bl_cpu/models/bl_P1024_LiL-N_sna_cpu,905e58c480c7f2860443a5235bb8bbacd98efda0,only the final model was saved: eps_ref_min and k_min need the intermediate iterates
bl,1024,LiL-N,,cuda,0.0011245556700561388,NA,NA,B_instrumentation/four_method_jobs/bl_gpu/models/bl_P1024_LiL-N_sna_cuda,905e58c480c7f2860443a5235bb8bbacd98efda0,only the final model was saved: eps_ref_min and k_min need the intermediate iterates
bl,1024,NiL-N,0,cpu,0.0019013762505638342,NA,NA,B_instrumentation/four_method_jobs/bl_cpu/models/bl_P1024_NiL-N_s0_cpu,905e58c480c7f2860443a5235bb8bbacd98efda0,only the final model was saved: eps_ref_min and k_min need the intermediate iterates
bl,1024,NiL-N,0,cuda,0.001034045790681921,NA,NA,B_instrumentation/four_method_jobs/bl_gpu/models/bl_P1024_NiL-N_s0_cuda,905e58c480c7f2860443a5235bb8bbacd98efda0,only the final model was saved: eps_ref_min and k_min need the intermediate iterates
bl,1024,NiL-N,1,cpu,0.0016206053242282033,NA,NA,B_instrumentation/four_method_jobs/bl_cpu/models/bl_P1024_NiL-N_s1_cpu,905e58c480c7f2860443a5235bb8bbacd98efda0,only the final model was saved: eps_ref_min and k_min need the intermediate iterates
bl,1024,NiL-N,1,cuda,0.0012304552410923346,NA,NA,B_instrumentation/four_method_jobs/bl_gpu/models/bl_P1024_NiL-N_s1_cuda,905e58c480c7f2860443a5235bb8bbacd98efda0,only the final model was saved: eps_ref_min and k_min need the intermediate iterates
bl,1024,NiL-N,2,cpu,0.0007784556405415462,NA,NA,B_instrumentation/four_method_jobs/bl_cpu/models/bl_P1024_NiL-N_s2_cpu,905e58c480c7f2860443a5235bb8bbacd98efda0,only the final model was saved: eps_ref_min and k_min need the intermediate iterates
bl,1024,NiL-N,2,cuda,0.0007805954231791604,NA,NA,B_instrumentation/four_method_jobs/bl_gpu/models/bl_P1024_NiL-N_s2_cuda,905e58c480c7f2860443a5235bb8bbacd98efda0,only the final model was saved: eps_ref_min and k_min need the intermediate iterates
bl,1024,NiL-Q,0,cpu,0.0012366674649866088,NA,NA,B_instrumentation/four_method_jobs/bl_cpu/models/bl_P1024_NiL-Q_s0_cpu,905e58c480c7f2860443a5235bb8bbacd98efda0,only the final model was saved: eps_ref_min and k_min need the intermediate iterates
bl,1024,NiL-Q,0,cuda,0.0013774029387618161,NA,NA,B_instrumentation/four_method_jobs/bl_gpu/models/bl_P1024_NiL-Q_s0_cuda,905e58c480c7f2860443a5235bb8bbacd98efda0,only the final model was saved: eps_ref_min and k_min need the intermediate iterates
bl,1024,NiL-Q,1,cpu,0.002468674264878412,NA,NA,B_instrumentation/four_method_jobs/bl_cpu/models/bl_P1024_NiL-Q_s1_cpu,905e58c480c7f2860443a5235bb8bbacd98efda0,only the final model was saved: eps_ref_min and k_min need the intermediate iterates
bl,1024,NiL-Q,1,cuda,0.0033308148389518933,NA,NA,B_instrumentation/four_method_jobs/bl_gpu/models/bl_P1024_NiL-Q_s1_cuda,905e58c480c7f2860443a5235bb8bbacd98efda0,only the final model was saved: eps_ref_min and k_min need the intermediate iterates
bl,1024,NiL-Q,2,cpu,0.002424892477238334,NA,NA,B_instrumentation/four_method_jobs/bl_cpu/models/bl_P1024_NiL-Q_s2_cpu,905e58c480c7f2860443a5235bb8bbacd98efda0,only the final model was saved: eps_ref_min and k_min need the intermediate iterates
bl,1024,NiL-Q,2,cuda,0.0020545196391102204,NA,NA,B_instrumentation/four_method_jobs/bl_gpu/models/bl_P1024_NiL-Q_s2_cuda,905e58c480c7f2860443a5235bb8bbacd98efda0,only the final model was saved: eps_ref_min and k_min need the intermediate iterates
bl_gravity,64,LiL-N,,cuda,0.18585473807577435,NA,NA,B_instrumentation/four_method_jobs/bl_gravity_gpu/models/bl_gravity_P64_LiL-N_sna_cuda,905e58c480c7f2860443a5235bb8bbacd98efda0,only the final model was saved: eps_ref_min and k_min need the intermediate iterates
bl_gravity,64,NiL-N,0,cuda,0.20939798665596052,NA,NA,B_instrumentation/four_method_jobs/bl_gravity_gpu/models/bl_gravity_P64_NiL-N_s0_cuda,905e58c480c7f2860443a5235bb8bbacd98efda0,only the final model was saved: eps_ref_min and k_min need the intermediate iterates
bl_gravity,64,NiL-N,1,cuda,0.1784379943632421,NA,NA,B_instrumentation/four_method_jobs/bl_gravity_gpu/models/bl_gravity_P64_NiL-N_s1_cuda,905e58c480c7f2860443a5235bb8bbacd98efda0,only the final model was saved: eps_ref_min and k_min need the intermediate iterates
bl_gravity,64,NiL-N,2,cuda,0.19393110911586725,NA,NA,B_instrumentation/four_method_jobs/bl_gravity_gpu/models/bl_gravity_P64_NiL-N_s2_cuda,905e58c480c7f2860443a5235bb8bbacd98efda0,only the final model was saved: eps_ref_min and k_min need the intermediate iterates
bl_gravity,64,NiL-Q,0,cuda,0.1863645363417721,NA,NA,B_instrumentation/four_method_jobs/bl_gravity_gpu/models/bl_gravity_P64_NiL-Q_s0_cuda,905e58c480c7f2860443a5235bb8bbacd98efda0,only the final model was saved: eps_ref_min and k_min need the intermediate iterates
bl_gravity,64,NiL-Q,1,cuda,0.1922362205699531,NA,NA,B_instrumentation/four_method_jobs/bl_gravity_gpu/models/bl_gravity_P64_NiL-Q_s1_cuda,905e58c480c7f2860443a5235bb8bbacd98efda0,only the final model was saved: eps_ref_min and k_min need the intermediate iterates
bl_gravity,64,NiL-Q,2,cuda,0.210464761884536,NA,NA,B_instrumentation/four_method_jobs/bl_gravity_gpu/models/bl_gravity_P64_NiL-Q_s2_cuda,905e58c480c7f2860443a5235bb8bbacd98efda0,only the final model was saved: eps_ref_min and k_min need the intermediate iterates
bl_gravity,256,LiL-N,,cuda,0.04674535919017671,NA,NA,B_instrumentation/four_method_jobs/bl_gravity_gpu/models/bl_gravity_P256_LiL-N_sna_cuda,905e58c480c7f2860443a5235bb8bbacd98efda0,only the final model was saved: eps_ref_min and k_min need the intermediate iterates
bl_gravity,256,NiL-N,0,cuda,0.04516238759986736,NA,NA,B_instrumentation/four_method_jobs/bl_gravity_gpu/models/bl_gravity_P256_NiL-N_s0_cuda,905e58c480c7f2860443a5235bb8bbacd98efda0,only the final model was saved: eps_ref_min and k_min need the intermediate iterates
bl_gravity,256,NiL-N,1,cuda,0.03369734874109667,NA,NA,B_instrumentation/four_method_jobs/bl_gravity_gpu/models/bl_gravity_P256_NiL-N_s1_cuda,905e58c480c7f2860443a5235bb8bbacd98efda0,only the final model was saved: eps_ref_min and k_min need the intermediate iterates
bl_gravity,256,NiL-N,2,cuda,0.023406061928716533,NA,NA,B_instrumentation/four_method_jobs/bl_gravity_gpu/models/bl_gravity_P256_NiL-N_s2_cuda,905e58c480c7f2860443a5235bb8bbacd98efda0,only the final model was saved: eps_ref_min and k_min need the intermediate iterates
bl_gravity,256,NiL-Q,0,cuda,0.04824236373683028,NA,NA,B_instrumentation/four_method_jobs/bl_gravity_gpu/models/bl_gravity_P256_NiL-Q_s0_cuda,905e58c480c7f2860443a5235bb8bbacd98efda0,only the final model was saved: eps_ref_min and k_min need the intermediate iterates
bl_gravity,256,NiL-Q,1,cuda,0.0717617099758813,NA,NA,B_instrumentation/four_method_jobs/bl_gravity_gpu/models/bl_gravity_P256_NiL-Q_s1_cuda,905e58c480c7f2860443a5235bb8bbacd98efda0,only the final model was saved: eps_ref_min and k_min need the intermediate iterates
bl_gravity,256,NiL-Q,2,cuda,0.04137163160513855,NA,NA,B_instrumentation/four_method_jobs/bl_gravity_gpu/models/bl_gravity_P256_NiL-Q_s2_cuda,905e58c480c7f2860443a5235bb8bbacd98efda0,only the final model was saved: eps_ref_min and k_min need the intermediate iterates
bl_gravity,576,LiL-N,,cuda,0.030271839534541524,NA,NA,B_instrumentation/four_method_jobs/bl_gravity_gpu/models/bl_gravity_P576_LiL-N_sna_cuda,905e58c480c7f2860443a5235bb8bbacd98efda0,only the final model was saved: eps_ref_min and k_min need the intermediate iterates
bl_gravity,576,NiL-N,0,cuda,0.01673113961286867,NA,NA,B_instrumentation/four_method_jobs/bl_gravity_gpu/models/bl_gravity_P576_NiL-N_s0_cuda,905e58c480c7f2860443a5235bb8bbacd98efda0,only the final model was saved: eps_ref_min and k_min need the intermediate iterates
bl_gravity,576,NiL-N,1,cuda,0.015615035676570353,NA,NA,B_instrumentation/four_method_jobs/bl_gravity_gpu/models/bl_gravity_P576_NiL-N_s1_cuda,905e58c480c7f2860443a5235bb8bbacd98efda0,only the final model was saved: eps_ref_min and k_min need the intermediate iterates
bl_gravity,576,NiL-N,2,cuda,0.012182931495125813,NA,NA,B_instrumentation/four_method_jobs/bl_gravity_gpu/models/bl_gravity_P576_NiL-N_s2_cuda,905e58c480c7f2860443a5235bb8bbacd98efda0,only the final model was saved: eps_ref_min and k_min need the intermediate iterates
bl_gravity,576,NiL-Q,0,cuda,0.019501001263634125,NA,NA,B_instrumentation/four_method_jobs/bl_gravity_gpu/models/bl_gravity_P576_NiL-Q_s0_cuda,905e58c480c7f2860443a5235bb8bbacd98efda0,only the final model was saved: eps_ref_min and k_min need the intermediate iterates
bl_gravity,576,NiL-Q,1,cuda,0.015190283424814828,NA,NA,B_instrumentation/four_method_jobs/bl_gravity_gpu/models/bl_gravity_P576_NiL-Q_s1_cuda,905e58c480c7f2860443a5235bb8bbacd98efda0,only the final model was saved: eps_ref_min and k_min need the intermediate iterates
bl_gravity,576,NiL-Q,2,cuda,0.01883695752211692,NA,NA,B_instrumentation/four_method_jobs/bl_gravity_gpu/models/bl_gravity_P576_NiL-Q_s2_cuda,905e58c480c7f2860443a5235bb8bbacd98efda0,only the final model was saved: eps_ref_min and k_min need the intermediate iterates
bl_gravity,1024,LiL-N,,cpu,0.010521403120908396,NA,NA,B_instrumentation/four_method_jobs/bl_gravity_cpu/models/bl_gravity_P1024_LiL-N_sna_cpu,905e58c480c7f2860443a5235bb8bbacd98efda0,only the final model was saved: eps_ref_min and k_min need the intermediate iterates
bl_gravity,1024,LiL-N,,cuda,0.010503463601616008,NA,NA,B_instrumentation/four_method_jobs/bl_gravity_gpu/models/bl_gravity_P1024_LiL-N_sna_cuda,905e58c480c7f2860443a5235bb8bbacd98efda0,only the final model was saved: eps_ref_min and k_min need the intermediate iterates
bl_gravity,1024,NiL-N,0,cpu,0.00802212318160995,NA,NA,B_instrumentation/four_method_jobs/bl_gravity_cpu/models/bl_gravity_P1024_NiL-N_s0_cpu,905e58c480c7f2860443a5235bb8bbacd98efda0,only the final model was saved: eps_ref_min and k_min need the intermediate iterates
bl_gravity,1024,NiL-N,0,cuda,0.0078019253565147105,NA,NA,B_instrumentation/four_method_jobs/bl_gravity_gpu/models/bl_gravity_P1024_NiL-N_s0_cuda,905e58c480c7f2860443a5235bb8bbacd98efda0,only the final model was saved: eps_ref_min and k_min need the intermediate iterates
bl_gravity,1024,NiL-N,1,cpu,0.010920384339078546,NA,NA,B_instrumentation/four_method_jobs/bl_gravity_cpu/models/bl_gravity_P1024_NiL-N_s1_cpu,905e58c480c7f2860443a5235bb8bbacd98efda0,only the final model was saved: eps_ref_min and k_min need the intermediate iterates
bl_gravity,1024,NiL-N,1,cuda,0.007778677276812198,NA,NA,B_instrumentation/four_method_jobs/bl_gravity_gpu/models/bl_gravity_P1024_NiL-N_s1_cuda,905e58c480c7f2860443a5235bb8bbacd98efda0,only the final model was saved: eps_ref_min and k_min need the intermediate iterates
bl_gravity,1024,NiL-N,2,cpu,0.010160494501580483,NA,NA,B_instrumentation/four_method_jobs/bl_gravity_cpu/models/bl_gravity_P1024_NiL-N_s2_cpu,905e58c480c7f2860443a5235bb8bbacd98efda0,only the final model was saved: eps_ref_min and k_min need the intermediate iterates
bl_gravity,1024,NiL-N,2,cuda,0.009072468856845952,NA,NA,B_instrumentation/four_method_jobs/bl_gravity_gpu/models/bl_gravity_P1024_NiL-N_s2_cuda,905e58c480c7f2860443a5235bb8bbacd98efda0,only the final model was saved: eps_ref_min and k_min need the intermediate iterates
bl_gravity,1024,NiL-Q,0,cpu,0.007184085711146789,NA,NA,B_instrumentation/four_method_jobs/bl_gravity_cpu/models/bl_gravity_P1024_NiL-Q_s0_cpu,905e58c480c7f2860443a5235bb8bbacd98efda0,only the final model was saved: eps_ref_min and k_min need the intermediate iterates
bl_gravity,1024,NiL-Q,0,cuda,0.010883097710003177,NA,NA,B_instrumentation/four_method_jobs/bl_gravity_gpu/models/bl_gravity_P1024_NiL-Q_s0_cuda,905e58c480c7f2860443a5235bb8bbacd98efda0,only the final model was saved: eps_ref_min and k_min need the intermediate iterates
bl_gravity,1024,NiL-Q,1,cpu,0.023461513787826332,NA,NA,B_instrumentation/four_method_jobs/bl_gravity_cpu/models/bl_gravity_P1024_NiL-Q_s1_cpu,905e58c480c7f2860443a5235bb8bbacd98efda0,only the final model was saved: eps_ref_min and k_min need the intermediate iterates
bl_gravity,1024,NiL-Q,1,cuda,0.0112475689367738,NA,NA,B_instrumentation/four_method_jobs/bl_gravity_gpu/models/bl_gravity_P1024_NiL-Q_s1_cuda,905e58c480c7f2860443a5235bb8bbacd98efda0,only the final model was saved: eps_ref_min and k_min need the intermediate iterates
bl_gravity,1024,NiL-Q,2,cpu,0.017683323719905556,NA,NA,B_instrumentation/four_method_jobs/bl_gravity_cpu/models/bl_gravity_P1024_NiL-Q_s2_cpu,905e58c480c7f2860443a5235bb8bbacd98efda0,only the final model was saved: eps_ref_min and k_min need the intermediate iterates
bl_gravity,1024,NiL-Q,2,cuda,0.013300003448574503,NA,NA,B_instrumentation/four_method_jobs/bl_gravity_gpu/models/bl_gravity_P1024_NiL-Q_s2_cuda,905e58c480c7f2860443a5235bb8bbacd98efda0,only the final model was saved: eps_ref_min and k_min need the intermediate iterates
