k,t_assemble_s,t_solve_s,t_cum_s,norm_R_h,norm_R_interior,norm_Rlin_h,norm_Rlin_interior,norm_f_h,norm_dbeta,rel_dbeta,chi,order_obs,stall_flag,roundoff_ratio,kappa_eps,kappa,kappa_method,num_rank_svd,num_rank_gelsy,rcond,eps_u,eps_v,eps_p,eps_p_meanfree,maxerr_u,maxerr_v,maxerr_p,solver_path,gpu_mem_peak_bytes,kappa_raw,kappa_retained,num_rank_qr,norm_beta,stall_rule_fires,eps_ref,kappa_AtA,shift_or_rank
0,0.12326000002212822,0.47631099994760007,0.5995709999697283,10.614431154604937,0.0,0.16458905470496252,5.5499577206784485,10.614431154604937,4721.833177018753,1.0,13.622518429162929,,False,0.015506158767025179,12138.743314176863,5.466803986647302e+19,svd,732,,2.220446049250313e-16,1.0,1.0,1.0,1.0,2.619099729265964,0.2483441085856555,0.8107419666545588,cpu_normal_eigh,,5.466803986647302e+19,803710241580.4082,,0.0,False,,6.079031972776225e+20,231
1,0.07374439993873239,0.44916910002939403,1.1224844999378547,2.2102117952038514,86.13790596405846,0.17743645917003847,6.696525751814997,10.848651497308246,4232.584355083758,1.1327079155301336,2.44310866412054,1.069799327061569,False,0.016355623481320584,2609.5504124161935,1.1752370264962093e+19,svd,727,,2.220446049250313e-16,0.2592380025253283,1.336970835045798,3.33501543996255,0.9210497374060723,0.8697712457095224,0.45445719884586905,1.5794192783736443,cpu_normal_eigh,,1.1752370264962093e+19,797607172851.0902,,4721.833177018753,False,,3.449831473923175e+21,231
2,0.08310439996421337,0.4418292000191286,1.6474180999211967,0.41248239078537147,15.991945290724136,0.08415591612663757,2.7397436683070526,10.69478619381851,844.5327416404791,0.22299086057045223,0.05831662347473479,0.9473903043038661,False,0.00786887316880434,2234.3421153690247,1.0062582318194145e+19,svd,723,,2.220446049250313e-16,0.021633213639876952,0.20732131916499724,0.26154167838345216,0.25702769228652295,0.067652564419167,0.0535092312510449,0.20732453565132547,cpu_normal_eigh,,1.0062582318194145e+19,783037411210.3005,,3736.6953095783833,False,,1.0010454183197873e+21,230
3,0.07531449990347028,0.4959831000305712,2.218715699855238,0.08408739530476025,2.7365417996985086,0.08395904838199872,2.7300192283512748,10.690789243700717,16.025696766903703,0.004233097053402564,9.94048659649927e-06,0.0009604507070296765,True,0.00785340038683014,6325.68583292646,2.848835636003043e+19,svd,723,,2.220446049250313e-16,0.009267753335309081,0.04278168652336289,0.06930588430520837,0.026905249659473038,0.03240855245756569,0.011164298525923488,0.09338983590522298,cpu_normal_eigh,,2.848835636003043e+19,784939967335.4547,,3787.2975577564334,False,,3.969699184631936e+22,230
4,0.08214690000750124,0.5351204999024048,2.8359830997651443,0.08395905488303655,2.7300195324493717,0.08395938659125468,2.730001529374776,10.690783411070733,0.25200448932477937,6.656528841433706e-05,1.752288900812232e-09,-0.0025865668066473928,True,0.007853436307044756,1136.2779665717092,5.117341026841654e+18,svd,723,,2.220446049250313e-16,0.009304866593759424,0.04318053222184403,0.07251696709619854,0.026613937512875736,0.032288630611657876,0.011352978402515021,0.09351561190274049,cpu_normal_eigh,,5.117341026841654e+18,784935156653.3424,,3785.8089632086853,True,,1.3480579517420367e+22,230
5,0.10117799998261034,0.4490264999913052,3.38618759973906,0.08395938659197055,2.7300015294082636,0.08395947197643365,2.730014030183207,10.690783215532422,0.16850302306215198,4.450890198632396e-05,1.2808164259268953e-10,0.2574064375228105,True,0.007853444437489915,3691.9179086943373,1.6626920117878278e+19,svd,723,,2.220446049250313e-16,0.00930334027249492,0.043176399076077815,0.07254784860057865,0.026613487421316806,0.03228951589515594,0.011351572628869974,0.09351745937497791,cpu_normal_eigh,,1.6626920117878278e+19,784936275458.7821,,3785.8243437055667,True,,1.674749528981283e+21,230
6,0.10617749998345971,0.47180230007506907,3.9641673997975886,0.08395947197652796,2.7300140301876183,0.08395939120466792,2.7299992327419025,10.690783213042822,0.14545071991628097,3.841992821182122e-05,1.3786733467231745e-10,-0.9459780324132507,True,0.007853436884047648,1127.40837410504,5.077395933513834e+18,svd,723,,2.220446049250313e-16,0.009303423889259463,0.04317672511437584,0.07254650751304631,0.02661377743684385,0.032289855949767965,0.0113516985564832,0.09351645844309298,cpu_normal_eigh,,5.077395933513834e+18,784935633116.0924,,3785.8274534367783,True,,2.638173477756211e+22,230
7,0.07725969993043691,0.5271610000636429,4.568588099791668,0.08395939120473286,2.7299992327449405,0.08395950271301701,2.7300084955858703,10.690783212881422,0.10355193171281606,2.735257433585311e-05,1.3371442991549348e-10,-1.3805352367925037,True,0.007853447314491743,1165.7340920712388,5.249999622665115e+18,svd,723,,2.220446049250313e-16,0.009303378961318932,0.04317621469781844,0.07255094513159863,0.026613304579796687,0.03228954958556818,0.011351579305868484,0.09351639381087518,cpu_normal_eigh,,5.249999622665115e+18,784936119537.1018,,3785.8144636388993,True,,1.1390083077456622e+21,230
8,0.11080239992588758,0.6452505000634119,5.324640999780968,0.08395950271294819,2.730008495582651,0.08395946776982603,2.730012111500468,10.690783218749159,0.11442529462478135,3.0224608952095696e-05,1.3921538684088084e-10,-0.31336957324329306,True,0.007853444041647067,1849.2394529373046,8.328234111167265e+18,svd,723,,2.220446049250313e-16,0.009303447549972945,0.04317675550215321,0.07254804678402449,0.026613751851648725,0.032289780230696064,0.011351705317240487,0.0935167311798204,cpu_normal_eigh,,8.328234111167265e+18,784936034657.3973,,3785.8203195551737,True,,5.26333296518765e+21,230
9,0.10885580000467598,0.7891007999423891,6.222597599728033,0.08395946776976425,2.7300121114975777,0.0839594472331542,2.730001926060512,10.690783208224698,0.15522059867166077,4.100052755715914e-05,1.361718116819501e-10,0.5877153363347809,True,0.007853442128408517,3031.4495655223477,1.3652435133678897e+19,svd,723,,2.220446049250313e-16,0.009303440865565995,0.04317670276348334,0.07254610648474188,0.026613675091547308,0.03228957649979014,0.011351692764366192,0.09351626451304407,cpu_normal_eigh,,1.3652435133678897e+19,784935743935.3766,,3785.8320948383152,True,,1.12022551147019e+22,230
10,0.1047279000049457,0.597934199962765,6.925259699695744,0.08395944723314971,2.7300019260603023,0.08395943083789187,2.730004283756021,10.690783217275552,0.11334353033520062,2.993897004986589e-05,1.3288159472480979e-10,0.7983217504704988,True,0.007853440588171253,3357.5746330477104,1.5121171866262299e+19,svd,723,,2.220446049250313e-16,0.009303425039273639,0.04317685063382057,0.07254982831642026,0.02661380321180495,0.03228970946609655,0.01135175058702663,0.0935179593121469,cpu_normal_eigh,,1.5121171866262299e+19,784935981486.9733,,3785.8195472062303,True,,3.8812780710679905e+22,230
11,0.07827850000467151,0.4884657000657171,7.492003899766132,0.08395943083796653,2.730004283759514,0.08395946327752757,2.7300078473268967,10.690783211822884,0.125789245083409,3.3226391944981973e-05,1.2564256881285537e-10,-1.9786090015290658,True,0.007853443626532172,2955.055055278517,1.330838484581163e+19,svd,723,,2.220446049250313e-16,0.00930340081044001,0.0431765007068063,0.07254936696972938,0.02661359812084931,0.0322897965315696,0.011351650717232417,0.0935172477615418,cpu_normal_eigh,,1.330838484581163e+19,784935514198.7793,,3785.8192899227115,True,,1.317156835416314e+21,230
12,0.0772694000042975,0.5438417999539524,8.113115099724382,0.08395946327745263,2.730007847323391,0.08395931018757553,2.7300018143277454,10.690783211654026,0.1056757936340808,2.7913573008572684e-05,1.310601152693135e-10,-4.719244363540518,True,0.007853429306849237,1409.7620091041342,6.349003658882461e+18,svd,723,,2.220446049250313e-16,0.009303427326396687,0.043176627563146296,0.07254984772461458,0.026613772511505922,0.03229004208695363,0.011351715036129292,0.09351664675728921,cpu_normal_eigh,,6.349003658882461e+18,784935943558.9146,,3785.823188136031,True,,7.015928424935579e+21,230
13,0.08506879990454763,0.5212861000327393,8.71946999966167,0.0839593101876775,2.730001814332515,0.0839594421270312,2.730001938793767,10.690783216798033,0.1477499373527333,3.9027244418747934e-05,1.275153706451108e-10,-0.861838667174769,True,0.007853441644491381,2211.8351042899367,9.96121975148514e+18,svd,723,,2.220446049250313e-16,0.009303382247371334,0.043176344518213096,0.07254851915874172,0.026613570637189114,0.03228966003642375,0.011351578210382116,0.09351621018540124,cpu_normal_eigh,,9.96121975148514e+18,784935699857.676,,3785.821098632775,True,,1.9755952615252762e+21,230
14,0.08326460001990199,0.5461045999545604,9.348839199636132,0.08395944212699046,2.7300019387918613,0.08395942564155717,2.730009069785953,10.690783212482732,0.13561461045649742,3.582167473936672e-05,1.3229061253139203e-10,-0.1249509730829316,True,0.007853440105634617,14451.382445132756,6.508324059488841e+19,svd,723,,2.220446049250313e-16,0.00930342629121577,0.043176819713245586,0.0725504256411532,0.026613694526652635,0.032289715638382344,0.011351738521954133,0.09351678748615777,cpu_normal_eigh,,6.508324059488841e+19,784935686269.5099,,3785.815256835225,True,,4.5851386876141655e+21,230
15,0.08867360011208802,0.5136352999834344,9.951148099731654,0.0839594256415667,2.7300090697863992,0.0839594486929723,2.7300041222925273,10.69078320930168,0.09878667392940817,2.60938541331954e-05,1.184171445034781e-10,-1.3982940140586433,True,0.007853442264166585,1148.3072126264447,5.171515934891309e+18,svd,723,,2.220446049250313e-16,0.00930345963643395,0.04317693037010127,0.07254795784294409,0.026613806814956956,0.032289936415492715,0.011351766874712496,0.09351683568898972,cpu_normal_eigh,,5.171515934891309e+18,784936103277.0907,,3785.825521648821,True,,1.7290964624653051e+21,230
16,0.07975399994757026,0.49455070006661117,10.525452799745835,0.08395944869302845,2.730004122295154,0.0839594784884475,2.7300069958769035,10.690783214957001,0.1149144096894397,3.0353846143717367e-05,1.394111694151729e-10,1.2925504712141387,True,0.007853445047036733,1205.2469524367132,5.427949725883407e+18,svd,723,,2.220446049250313e-16,0.009303431567498714,0.0431766636053527,0.07254937653284238,0.026613656339415998,0.032289838550224825,0.011351685019791433,0.09351731460244617,cpu_normal_eigh,,5.427949725883407e+18,784935747629.4073,,3785.8214974742386,True,,2.408207793706991e+21,230
17,0.07752709998749197,0.5726600999478251,11.175639999681152,0.08395947848837217,2.7300069958733792,0.08395937366856455,2.730001286815699,10.690783218536522,0.13405434154470486,3.540957612438544e-05,1.2679736814507802e-10,-3.5179975342212084,True,0.007853435239710892,1417.6201418394767,6.384393542541177e+18,svd,723,,2.220446049250313e-16,0.009303386113499441,0.0431764706240499,0.07254749532474376,0.026613628846167577,0.03228977882052453,0.011351606778690723,0.09351680929246564,cpu_normal_eigh,,6.384393542541177e+18,784936210216.9227,,3785.8269803882713,True,,1.0757348371291328e+22,230
18,0.0914733000099659,0.5835375000024214,11.85065079969354,0.08395937366851483,2.7300012868133727,0.0839594856825599,2.7300062755417502,10.690783213496516,0.1341918640773464,3.5445894319902066e-05,1.1709255536725177e-10,-1.0686337581230916,True,0.007853445721036205,1097.3525110576645,4.942036359893376e+18,svd,723,,2.220446049250313e-16,0.009303408938378752,0.04317663269028563,0.07254874063576622,0.026613632386526306,0.032289675227713754,0.011351715874257082,0.0935170059522421,cpu_normal_eigh,,4.942036359893376e+18,784935762047.8818,,3785.821696193249,True,,1.2448745346597131e+21,230
19,0.0832941000116989,0.5980966000352055,12.532041499740444,0.0839594856825202,2.7300062755398926,0.08395944163414747,2.730003742717738,10.690783215585084,0.10342323526516689,2.7318550270417453e-05,1.2988869562779419e-10,-0.3932421121979362,True,0.0078534415992788,38611.687201501336,1.7389158009282757e+20,svd,723,,2.220446049250313e-16,0.009303432249624882,0.0431766818142592,0.07254914579317516,0.02661372530159887,0.032289741102415004,0.011351620235346957,0.0935176844553518,cpu_normal_eigh,,1.7389158009282757e+20,784936411977.0968,,3785.8224951599177,True,,5.263713200198616e+21,230
20,0.07941939996089786,0.5108168999431655,13.122277799644507,0.08395944163410991,2.7300037427159802,0.0839594292235283,2.7300022287913563,10.69078321464242,0.10482970578484489,2.769007716967694e-05,1.3325014642588942e-10,0.2817332868408683,True,0.007853440439100376,1821.168392586215,8.201813294230203e+18,svd,723,,2.220446049250313e-16,0.009303428448344373,0.04317682681905175,0.07254876877365951,0.026613740950813848,0.032289741275673745,0.011351752411075097,0.09351724788926186,cpu_normal_eigh,,8.201813294230203e+18,784936008723.994,,3785.824439489427,True,,1.666721359970573e+21,230
21,0.07712190004531294,0.5131103999447078,13.712510099634528,0.083959429223541,2.73000222879195,0.08395949641259545,2.73000627333548,10.690783214996802,0.11492380611110768,3.035636113789013e-05,1.2674007821306635e-10,-5.4138271256126025,True,0.0078534467236057,8762.559398635685,3.946305924250751e+19,svd,723,,2.220446049250313e-16,0.009303421764932915,0.04317691259187559,0.0725486247128897,0.026613744891946466,0.0322896129850796,0.011351786186098764,0.0935176887628324,cpu_normal_eigh,,3.946305924250751e+19,784935788664.7869,,3785.822088630457,True,,2.3229916626406277e+21,230
22,0.0751667000586167,0.512041800073348,14.299718599766493,0.08395949641260769,2.7300062733360533,0.08395947179029342,2.7300065005880136,10.690783219192278,0.11383227200815875,3.0068055871352213e-05,1.3310042772457527e-10,-0.3664643055840079,True,0.007853444417390106,12500.179037138432,5.629580165372113e+19,svd,723,,2.220446049250313e-16,0.009303407724702813,0.043176738407380254,0.07254931317820706,0.026613715560154936,0.03228980857191521,0.01135166472220027,0.09351717452830366,cpu_normal_eigh,,5.629580165372113e+19,784935765401.298,,3785.8228655628413,True,,1.123754356787617e+22,230
23,0.07743740000296384,0.5053220000118017,14.882477999781258,0.08395947179035178,2.730006500590744,0.08395928885532335,2.7299987686154923,10.690783214665924,0.1200650962397969,3.1714411590526955e-05,1.3124052579255322e-10,7.429665339178655,True,0.007853427309249483,1407.5028448464384,6.338829287573333e+18,svd,723,,2.220446049250313e-16,0.009303448205416629,0.04317681265225085,0.07254669453899605,0.026613759235043135,0.03228981304117218,0.011351759340742604,0.09351666019918037,cpu_normal_eigh,,6.338829287573333e+18,784935686451.6548,,3785.820822443467,True,,2.482265169601245e+21,230
24,0.07988019997719675,0.5280038999626413,15.490362099721096,0.08395928885539221,2.729998768618714,0.08395955094877348,2.7300100573292223,10.690783218653813,0.12710296277329886,3.3573389618161077e-05,1.3317181845954403e-10,-1.4327145399593648,True,0.007853451822152437,1114.2445918424362,5.018111528621186e+18,svd,723,,2.220446049250313e-16,0.009303381876593051,0.04317646490533522,0.07254930906239278,0.026613508368225822,0.03228948865669912,0.011351637818721713,0.09351689628027993,cpu_normal_eigh,,5.018111528621186e+18,784936067692.3508,,3785.821341729076,True,,2.4240979150792415e+21,230
25,0.09605379996355623,0.6287049000384286,16.21512079972308,0.0839595509487154,2.7300100573265054,0.08395951206718674,2.730003437882723,10.690783214375116,0.13120314467001812,3.465647589084049e-05,1.3313959394642543e-10,-0.1483505589249115,True,0.007853448188369633,4254.796456051301,1.9161899734009946e+19,svd,723,,2.220446049250313e-16,0.009303429993596592,0.04317679097279285,0.07254911551199236,0.026613767171380507,0.03228987191503796,0.011351719685125147,0.09351719447033568,cpu_normal_eigh,,1.9161899734009946e+19,784935732432.784,,3785.8245538765677,True,,3.607568717835126e+21,230
26,0.09971119998954237,0.5149540000129491,16.829785999725573,0.08395951206719379,2.7300034378830533,0.08395955336409253,2.730010279192491,10.690783217150512,0.11938236204260273,3.1534077750956986e-05,1.30327168377976e-10,-1.062128463686625,True,0.007853452049182122,1165.5850449082682,5.249328373917499e+18,svd,723,,2.220446049250313e-16,0.009303446707616325,0.04317692437524619,0.07254886856165306,0.026613633036777388,0.03228966135882905,0.011351746972154672,0.09351741750017206,cpu_normal_eigh,,5.249328373917499e+18,784936156077.4503,,3785.818993347052,True,,2.3846275549613565e+21,230
27,0.09146779996808618,0.5444142000051215,17.46566799969878,0.08395955336411642,2.7300102791936087,0.0839595113902339,2.730010256216908,10.690783220740995,0.10460767678108925,2.76314048597472e-05,1.2995501301308294e-10,-1.016395294229015,True,0.007853448120372095,3657.00805693472,1.6469700122502107e+19,svd,723,,2.220446049250313e-16,0.009303462501673859,0.04317677974424099,0.07254884087148995,0.026613753490896466,0.032289912853213476,0.011351717496767208,0.09351702227130199,cpu_normal_eigh,,1.6469700122502107e+19,784936062555.7574,,3785.8206282560386,True,,5.704863070469553e+21,230
28,0.0918278000317514,0.586366800009273,18.143862599739805,0.08395951139027397,2.7300102562187827,0.08395945069131056,2.7300037846060596,10.69078321917079,0.10598275268094948,2.7994694438674045e-05,1.2375431172057337e-10,1.446113897284078,True,0.00785344244383834,4380.160260660273,1.972648811773266e+19,svd,723,,2.220446049250313e-16,0.009303424386804563,0.04317674648236504,0.07254706711127103,0.02661373569329483,0.0322898276881296,0.011351677775410338,0.09351646023146509,cpu_normal_eigh,,1.972648811773266e+19,784936223988.1431,,3785.825487776024,True,,6.538905018673948e+20,230
29,0.07995500008109957,0.5232640000758693,18.747081599896774,0.08395945069122143,2.7300037846018905,0.08395947747588081,2.730005747664968,10.690783214190843,0.12749172081122803,3.367610219580668e-05,1.2187429944093087e-10,-0.44127124245627364,True,0.007853444952885567,1630.5188223294142,7.34320396066333e+18,svd,723,,2.220446049250313e-16,0.009303378497631161,0.04317634944944894,0.07255099710232453,0.026613565291338556,0.032289941489563656,0.011351593274200752,0.09351701386545352,cpu_normal_eigh,,7.34320396066333e+18,784936057400.1436,,3785.815662789899,True,,2.5156582612801647e+21,230
30,0.07702359999530017,0.5373203000053763,19.36142549989745,0.08395947747583517,2.7300057476628328,0.08395954802811648,2.730005117354655,10.69078321522154,0.14600187477240026,3.856544097591414e-05,1.3269676926684514e-10,2.6340681082613586,True,0.007853451551479863,1087.3219456107865,4.896862709084501e+18,svd,723,,2.220446049250313e-16,0.009303445800707029,0.043176811414803964,0.07254951667384266,0.026613702884118337,0.032289895824744175,0.011351735670858773,0.09351751477109227,cpu_normal_eigh,,4.896862709084501e+18,784935850827.3666,,3785.8217696911247,True,,2.528554761224653e+21,230
31,0.07744030002504587,0.5258146000560373,19.964680399978533,0.08395954802830183,2.7300051173633246,0.08395935103028516,2.7300037880888097,10.690783217589702,0.11788277676333353,3.113795568963886e-05,1.2865638080651384e-10,-2.7922233051226018,True,0.00785343312285536,2391.680133572251,1.0771169758345409e+19,svd,723,,2.220446049250313e-16,0.009303419584349285,0.04317662819182077,0.0725494507613118,0.02661360217526624,0.032289719445527165,0.011351621548998367,0.09351678659634155,cpu_normal_eigh,,1.0771169758345409e+19,784935995005.719,,3785.8214784471165,True,,1.0635614582601706e+21,230
32,0.07637240004260093,0.510350099997595,20.55140290001873,0.08395935103025855,2.7300037880875645,0.08395955569863892,2.7300042617350524,10.69078322424525,0.12598817111148022,3.3278973582678786e-05,1.2966745896319443e-10,-1.0389367533613507,True,0.00785345226234033,1751.1706535723965,7.886571502890793e+18,svd,723,,2.220446049250313e-16,0.009303390997195423,0.04317642772840273,0.07254880497781341,0.026613530419380634,0.03228960291515426,0.01135162389205567,0.0935167584262886,cpu_normal_eigh,,7.886571502890793e+18,784935940685.2504,,3785.8226127079683,True,,3.0425729541948635e+21,230
33,0.07670229999348521,0.5500921999337152,21.17819739994593,0.08395955569862543,2.7300042617344213,0.0839595541533603,2.7300131540796766,10.690783219441315,0.12068448045725776,3.1877961900111185e-05,1.2586940851425766e-10,-0.007549951809474115,True,0.007853452121326234,3402.7165508763333,1.5324472990574074e+19,svd,723,,2.220446049250313e-16,0.009303443402815232,0.043176919702846824,0.0725496620705266,0.0266137470232132,0.0322896717525345,0.01135179306321453,0.0935175351620594,cpu_normal_eigh,,1.5324472990574074e+19,784936103217.9181,,3785.8190186807683,True,,3.1461658809177934e+22,230
34,0.09237910003867,0.5123657999793068,21.782942299963906,0.0839595541533539,2.7300131540793773,0.08395935162779644,2.7300053960222868,10.690783218260234,0.12901890267192984,3.407949270741858e-05,1.3389168637895395e-10,131.06147061369032,True,0.007853433178253107,1825.0838148958803,8.21944678868501e+18,svd,723,,2.220446049250313e-16,0.009303439052013952,0.04317679165775739,0.07254631939869206,0.026613741990295134,0.032289777154330235,0.011351749947481324,0.09351639904570996,cpu_normal_eigh,,8.21944678868501e+18,784936000059.0284,,3785.8279909932644,True,,1.7774446564413897e+21,230
35,0.09277840005233884,0.5650703000137582,22.440791000030003,0.08395935162789571,2.7300053960269306,0.08395947760288619,2.7300065148707984,10.690783222509388,0.1131401160495716,2.9885181487439927e-05,1.3442498460740123e-10,-0.6220193711438887,True,0.007853444958654662,17760.412823266193,7.99857885728078e+19,svd,723,,2.220446049250313e-16,0.009303434420198731,0.043176461354827486,0.07254722306697786,0.026613649746112463,0.032289631670648244,0.011351625426884823,0.09351649651740468,cpu_normal_eigh,,7.99857885728078e+19,784935989784.4838,,3785.822276745463,True,,1.1853464340280503e+21,230
36,0.08660289994440973,0.5636180000146851,23.0910118999891,0.08395947760276805,2.7300065148652717,0.08395946567624644,2.730005857682487,10.690783215271944,0.1048591057283356,2.7697871408783703e-05,1.2017790348107917e-10,-0.0946726956742642,True,0.007853443848371099,20292.144595812766,9.13876948402506e+19,svd,723,,2.220446049250313e-16,0.009303424529053344,0.04317684251762304,0.07254765473004456,0.026613673531206694,0.032289719626061864,0.011351695269341974,0.09351662437713637,cpu_normal_eigh,,9.13876948402506e+19,784936071778.5028,,3785.8266344181934,True,,1.7659516678092075e+21,230
37,0.09312810003757477,0.5605990999611095,23.744739099987783,0.08395946567626973,2.7300058576835755,0.08395935659250997,2.730002816603245,10.690783219892932,0.11615181036827182,3.0680720571132565e-05,1.3269965584311597e-10,9.146341316100196,True,0.007853433641445666,1110.1296090839335,4.999579293803357e+18,svd,723,,2.220446049250313e-16,0.009303377732068612,0.04317626614464573,0.07254865457024191,0.026613373846037982,0.0322895191293191,0.011351551518787403,0.09351649572411924,cpu_normal_eigh,,4.999579293803357e+18,784935945469.919,,3785.8182017222484,True,,1.0152219189952563e+21,230
38,0.09404279990121722,0.5760900999885052,24.414871999877505,0.08395935659256491,2.7300028166058152,0.08395944177332673,2.7300071017845795,10.690783217526345,0.10223837487221553,2.700558677947495e-05,1.310131043253836e-10,-0.7808739098386702,True,0.007853441610871372,1298.5143878483364,5.847988913248995e+18,svd,723,,2.220446049250313e-16,0.009303362473197524,0.04317628612603312,0.07254877856798692,0.02661346107636159,0.03228969307654728,0.011351499250467953,0.09351646192230811,cpu_normal_eigh,,5.847988913248995e+18,784935777830.5409,,3785.8240682117116,True,,6.051608690069633e+21,230
39,0.0772992999991402,0.533557299990207,25.025728599866852,0.08395944177332143,2.7300071017843317,0.08395943715070205,2.7300067137532475,10.690783221318126,0.14948875277136645,3.9486487627490166e-05,1.2163778738878562e-10,-0.05425944647890436,True,0.007853441175692479,2828.8866563000392,1.2740172891186225e+19,svd,723,,2.220446049250313e-16,0.009303415852438716,0.043176729839561834,0.07254775138989628,0.02661375487404947,0.03228984168343407,0.01135167217351983,0.09351643397210774,cpu_normal_eigh,,1.2740172891186225e+19,784936268933.0183,,3785.8231227147317,True,,2.930908835098412e+21,230
40,0.07637139991857111,0.5502369999885559,25.65233699977398,0.08395943715073668,2.730006713754868,0.08395935917744635,2.7300042669463673,10.690783213162272,0.11528699840698883,3.04522985373335e-05,1.2712141799189883e-10,16.867937765682026,True,0.007853433888181112,2409.724064153122,1.0852432397385718e+19,svd,723,,2.220446049250313e-16,0.009303446663289285,0.04317681767365761,0.07254789449496676,0.02661368632124024,0.03228975688032909,0.011351763366876697,0.09351622631453305,cpu_normal_eigh,,1.0852432397385718e+19,784936212948.8427,,3785.82046044768,True,,1.7929264332167475e+21,230
41,0.07675969996489584,0.5669139999663457,26.29601069970522,0.08395935917741336,2.730004266944824,0.08395942139178159,2.730005398524993,10.690783215728608,0.1039403705559573,2.745516384228104e-05,1.3223740614606065e-10,-0.7978897351073476,True,0.007853439705732495,5719.620602267808,2.575888121307391e+19,svd,723,,2.220446049250313e-16,0.009303436080641502,0.04317665400726681,0.07254888658085601,0.02661367328185428,0.032289786588973524,0.011351722073941403,0.09351671546413565,cpu_normal_eigh,,2.575888121307391e+19,784935575304.9854,,3785.822546881012,True,,1.2021613788145286e+21,230
42,0.07597759994678199,0.5050280999857932,26.877016399637796,0.08395942139185336,2.73000539852835,0.08395960135766425,2.73001251148559,10.69078322719205,0.1168755442027536,3.0871858200079425e-05,1.2302977860638664e-10,2.892668169687915,True,0.007853456531053092,1139.8028260327553,5.133215582596955e+18,svd,723,,2.220446049250313e-16,0.009303483242799624,0.04317708815847936,0.07254781339424796,0.026613898170532824,0.03228978071500199,0.011351868515690797,0.0935171253487348,cpu_normal_eigh,,5.133215582596955e+18,784935934065.8567,,3785.822264731445,True,,1.4281264897373386e+23,230
43,0.07550219993572682,0.42603920004330575,27.37855779961683,0.08395960135761087,2.7300125114830927,0.08395939239390937,2.7300030072013293,10.69078320974955,0.13450272397674332,3.5528002407445936e-05,1.3525985794623612e-10,-1.1611308928713304,True,0.007853436997706761,202734.58810734437,9.130354154553471e+20,svd,723,,2.220446049250313e-16,0.009303462747090034,0.04317685337465515,0.07254864026977394,0.026613840185564955,0.032289899670087774,0.011351735022246942,0.09351717016881134,cpu_normal_eigh,,9.130354154553471e+20,784935973842.5321,,3785.8279681542754,True,,8.870787141703618e+20,230
44,0.11978870001621544,0.9758980999467894,28.474244599579833,0.0839593923938934,2.7300030072005823,0.08395945224863943,2.730001514107462,10.690783222970115,0.14579014150992012,3.850957522888047e-05,1.3171456212130832e-10,-0.28643460508005275,True,0.00785344258671759,1165.325676247639,5.248160281314138e+18,svd,723,,2.220446049250313e-16,0.009303395877990025,0.04317653219016546,0.07254827593004554,0.026613581281333194,0.03228959263740938,0.011351616091490144,0.09351727100187768,cpu_normal_eigh,,5.248160281314138e+18,784935958150.7979,,3785.8228682329272,True,,5.17663412187259e+21,230
45,0.29897210001945496,1.3865751998964697,30.159791899495758,0.08395945224878007,2.730001514114041,0.08395941771878873,2.7300034478747928,10.69078321365849,0.1277798852174863,3.375221672372898e-05,1.3613306516705918e-10,-0.5768931815371002,True,0.0078534393636869,1117.0402194670248,5.03070191614955e+18,svd,723,,2.220446049250313e-16,0.009303426287511575,0.043176519212786514,0.07255027904003432,0.02661348753897508,0.032289698604456074,0.011351646196247941,0.09351564090710207,cpu_normal_eigh,,5.03070191614955e+18,784935627084.2438,,3785.815362631785,True,,6.44337371682905e+20,230
46,0.3057819999521598,1.3704281999962404,31.83600209944416,0.08395941771871682,2.7300034478714283,0.08395959153204068,2.730014086355743,10.690783222595035,0.12331853186004282,3.257371830833062e-05,1.3354214246526327e-10,-5.033662847041635,True,0.007853455615355812,3211.0406608001863,1.446124152345123e+19,svd,723,,2.220446049250313e-16,0.009303438985973054,0.043176855233654464,0.07254720312087844,0.026613704150847066,0.03228961940929542,0.011351782441908029,0.09351706823763672,cpu_normal_eigh,,1.446124152345123e+19,784935875191.6852,,3785.8220176588457,True,,5.794385077104493e+21,230
47,0.28712419990915805,1.116837100009434,33.23996339936275,0.08395959153200241,2.7300140863539535,0.08395955808536765,2.7300080587626594,10.690783214650295,0.12440325459858463,3.2860303637160886e-05,1.2748514840616084e-10,-0.19242778641275662,True,0.007853452492639851,1984.1547609570866,8.935838642091731e+18,svd,723,,2.220446049250313e-16,0.009303506139330179,0.04317718097199912,0.07254690012397949,0.026614027262745654,0.032289817237125984,0.011351882939225164,0.09351786382006688,cpu_normal_eigh,,8.935838642091731e+18,784935815667.738,,3785.8291366295916,True,,2.9494080958219236e+21,230
48,0.10897850000765175,0.5548640999477357,33.90380599931814,0.08395955808547181,2.7300080587675324,0.0839593150656792,2.7299998316045775,10.690783213435198,0.14222965509678043,3.756907434793653e-05,1.3382923493833756e-10,7.265957079669336,True,0.007853429761831371,1257.276575985279,5.662270319108955e+18,svd,723,,2.220446049250313e-16,0.009303464218556731,0.04317692462212591,0.07255023930092801,0.026613834238317723,0.032289907555861586,0.01135174871042642,0.0935177004413057,cpu_normal_eigh,,5.662270319108955e+18,784935876949.7308,,3785.821822349205,True,,9.238674449233046e+20,230
49,0.29998300003353506,1.622445399989374,35.82623439934105,0.0839593150656983,2.7299998316054706,0.0839596148445464,2.7300150228460818,10.690783218589386,0.1379852124491074,3.6447860346628695e-05,1.3297033933662852e-10,-1.2335583339900524,True,0.00785345779891556,1077.1471783160157,4.85103963088719e+18,svd,723,,2.220446049250313e-16,0.009303430942752272,0.04317662866938571,0.07254872156387124,0.026613641688624852,0.032289596339507565,0.01135173250098552,0.0935171550979157,cpu_normal_eigh,,4.85103963088719e+18,784936546055.1538,,3785.817392772477,True,,1.4873081727942305e+21,230
50,0.26835200004279613,1.366932199918665,37.46151859930251,0.08395961484451911,2.7300150228448063,0.08395941754001882,2.7300090056503694,10.690783226345626,0.11838837324694562,3.127152413513503e-05,1.2784376296141363e-10,-0.6581676524151209,True,0.00785343933764507,2859.576340088472,1.287838693965993e+19,svd,723,,2.220446049250313e-16,0.009303489326765757,0.04317710249411705,0.07254739301127305,0.02661392924601878,0.032290077841009346,0.011351806075014167,0.09351696081787475,cpu_normal_eigh,,1.287838693965993e+19,784935791820.2562,,3785.8247682259503,True,,1.2849516075169148e+21,230
51,0.254297100007534,1.3520273000467569,39.0678429993568,0.08395941753999529,2.730009005649269,0.08395946595318998,2.730005234364157,10.690783216076742,0.12061202783713215,3.185887341251002e-05,1.2884259252807157e-10,-0.2453728443396283,True,0.007853443873684782,1141.3125903350249,5.140014956546074e+18,svd,723,,2.220446049250313e-16,0.009303419864538627,0.04317676320420049,0.07254822946015962,0.026613771514082427,0.032289820750958764,0.011351752583054861,0.0935164852771373,cpu_normal_eigh,,5.140014956546074e+18,784935660113.3231,,3785.8203756026937,True,,1.4347846930874593e+21,230
52,0.20963729999493808,1.2205656999722123,40.49804599932395,0.08395946595317413,2.730005234363416,0.08395950889085484,2.7300077343094893,10.6907832113265,0.11200664072843965,2.9585764425281e-05,1.2864316435155783e-10,0.8868992574486707,True,0.007853447893499774,1245.7239405899704,5.610241874647497e+18,svd,723,,2.220446049250313e-16,0.009303433847391985,0.043176749605846845,0.07254966461727258,0.026613735949253974,0.03228989369834556,0.011351721281004132,0.09351719614926646,cpu_normal_eigh,,5.610241874647497e+18,784936075780.0325,,3785.8221248266564,True,,1.0488781502007968e+21,230
53,0.07556079991627485,0.5417157000629231,41.11532249930315,0.0839595088909476,2.730007734313829,0.08395946845333113,2.7300035305707153,10.690783214287082,0.12394046396750086,3.273808390505207e-05,1.2885265864973837e-10,-0.9417804767122148,True,0.00785344410885896,32560.123006767863,1.4663775784041726e+20,svd,723,,2.220446049250313e-16,0.009303415738735103,0.04317669928847333,0.07254732974632702,0.026613728687483906,0.03228971376937073,0.01135164930885145,0.0935173216507601,cpu_normal_eigh,,1.4663775784041726e+20,784936033051.9293,,3785.828857365271,True,,1.2477881963185675e+21,230
54,0.08449529996141791,0.5259061000542715,41.72572389931884,0.0839594684531997,2.7300035305645656,0.08395946767536022,2.7300152391730443,10.690783209020116,0.13239183572452576,3.497032018339907e-05,1.2833552922619284e-10,0.019222235559119227,True,0.007853444039957825,2448.080256502809,1.1025173330959118e+19,svd,723,,2.220446049250313e-16,0.009303409597953977,0.04317651519540617,0.0725510558446227,0.026613509875372435,0.03228978967034157,0.011351593776668154,0.09351736502487507,cpu_normal_eigh,,1.1025173330959118e+19,784935911665.3234,,3785.819119010035,True,,3.104207060854463e+21,230
55,0.08558790001552552,0.5609876998933032,42.372299499227665,0.08395946767545129,2.730015239177304,0.08395949365289916,2.7300089057551125,10.690783206072457,0.1325676441664758,3.501682518127582e-05,1.279755517425865e-10,-33.40069233420101,True,0.007853446472023625,1268.506045583919,5.712843354208959e+18,svd,723,,2.220446049250313e-16,0.009303436535839734,0.043176677509225714,0.07254577256081722,0.026613745555254125,0.032289721318176756,0.011351676063371827,0.09351624653442991,cpu_normal_eigh,,5.712843354208959e+18,784936262977.1732,,3785.8342454460603,True,,2.926453901679227e+21,230
56,0.07482580002397299,0.5180989000946283,42.96522419934627,0.08395949365296158,2.7300089057580323,0.08395935922975567,2.730008814205192,10.690783214837579,0.14366348437274995,3.794772361734373e-05,1.223626963909801e-10,-5.174591913160941,True,0.007853433891843372,1143.4715209075794,5.149737915468149e+18,svd,723,,2.220446049250313e-16,0.0093033617658746,0.04317618884554252,0.07254520884503973,0.026613425861568164,0.03228936107369185,0.011351536072526244,0.09351632896880924,cpu_normal_eigh,,5.149737915468149e+18,784935540251.21,,3785.8270554282662,True,,2.0417878210372813e+21,230
57,0.0750650999834761,0.5352568000089377,43.57554609933868,0.08395935922970141,2.7300088142026535,0.08395952111340109,2.73001640870189,10.690783220022787,0.12349672909337267,3.262076629432649e-05,1.210899850961261e-10,-1.2042848112489368,True,0.007853449030390322,2910.7136224840615,1.3108688785601446e+19,svd,723,,2.220446049250313e-16,0.009303449586524846,0.04317673978358333,0.07254842196116755,0.02661379163078874,0.03228992227648808,0.011351711694702601,0.09351754888457942,cpu_normal_eigh,,1.3108688785601446e+19,784935642601.8346,,3785.826149189344,True,,1.0375178076533547e+22,230
58,0.07898089999798685,0.5588819000404328,44.2134088993771,0.08395952111343474,2.730016408703465,0.08395950064165868,2.730004266082799,10.690783217908983,0.15405389683432752,4.069233067818433e-05,1.229265053215346e-10,-0.1264616173147769,True,0.007853447117046712,1454.230356767936,6.54927129285094e+18,svd,723,,2.220446049250313e-16,0.009303460630600339,0.04317677474307721,0.07254518843938292,0.026613771218465115,0.03228977044180459,0.011351756144437161,0.09351594834014287,cpu_normal_eigh,,6.54927129285094e+18,784936076384.444,,3785.8316380155547,True,,1.029695031212245e+21,230
59,0.07861980004236102,0.4902205999242142,44.782249299343675,0.083959500641614,2.7300042660807096,0.08395953389465591,2.730014481571422,10.690783220393746,0.12309552806461775,3.2514792998129734e-05,1.3061323650331765e-10,-1.6243630103218558,True,0.007853450225657428,1129.2422845507226,5.085655131913642e+18,svd,723,,2.220446049250313e-16,0.009303464576199166,0.04317698680273357,0.07254928057448014,0.02661379920998178,0.032289869609014143,0.011351829407674416,0.09351738549973954,cpu_normal_eigh,,5.085655131913642e+18,784935884178.3768,,3785.8214131961176,True,,1.920697992618517e+21,230
60,,,44.782249299343675,0.0839595338952849,2.73001448157049,,,,,,,,,,,,,,,,0.009303472805098459,0.04317679553419135,0.07254598980972586,0.026613886085959517,0.03228987766349922,0.011351695644110635,0.0935171722303374,,,,,,3785.831515879503,,,,
