k,c1,c2,c2_over_c1,dropped,c1_A_only,c2_A_only,c2_over_c1_A_only,dropped_A_only,rho_r,rho_r_numerator,rho_r_denominator,kappa_A_Y,rank_A_Y,round_off
0,0.9999427102440682,1.000004514720551,1.000061808017449,0,0.9999977624837684,1.0000032426828713,1.000005480211365,0,1.0000000004583813,0.014025202102839234,0.014025202096410342,509.65692886002296,1024,False
1,0.22004250742503037,1.4919297303667125,6.780188736374133,0,0.2376249225910141,1.422984844816418,5.988365316653148,0,1.6806568416649679,0.34496779656215826,0.20525772305809362,669.5750638031294,1024,False
2,0.307877198438235,1.491555906117126,4.84464557194662,0,0.3367325316140138,1.3999566363530247,4.157473676935236,0,1.4004360735535695,0.19555680053339913,0.13963993375090583,594.2002640967783,1024,False
3,0.26563798248601067,1.3762055513265443,5.180755923709139,0,0.28369617620872317,1.3751076386003847,4.847113757320013,0,1.5398743912882582,0.177157358031723,0.11504662914974073,602.1296406338915,1024,False
4,0.27963879545265397,1.381902655839115,4.9417415548590675,0,0.2877207255356357,1.37925021899797,4.793711737068252,0,1.2882533850296967,0.1433058620568232,0.11124043120874061,603.0186559236556,1024,False
5,0.2663770204456044,1.3850563680137022,5.199609056729944,0,0.28467361179625444,1.3846295780994533,4.863919663514352,0,1.5543745023534437,0.17586222146325292,0.11314018674198777,601.7271414451377,1024,False
6,0.27651583077099706,1.3838120345759743,5.004458626175404,0,0.28626236353799867,1.3815865644154728,4.826294827374609,0,1.3400697950935605,0.1524860101784519,0.1137896031510849,602.516336163551,1024,False
7,0.26951691019375734,1.3860761488890871,5.142817005035523,0,0.28616951960160625,1.3854110314779613,4.8412249963122385,0,1.5115812807994706,0.1726155581403022,0.11419535312649966,602.2495987418597,1024,False
8,0.27529323631477803,1.3863557867306913,5.035923894423229,0,0.28627335487424826,1.3842574529329486,4.835439377657112,0,1.373462531480932,0.15796217226026055,0.11501017948406521,603.3359813908914,1024,False
9,0.2712215358123714,1.3873930462621549,5.11534986374364,0,0.28676371145216983,1.3864890455882255,4.834952925413933,0,1.4855934436497853,0.1708174112941516,0.11498260982795519,603.1033359441607,1024,False
10,0.2748321641140677,1.3881311985237372,5.050832398014377,0,0.2865966276151918,1.386155660033903,4.836608412207381,0,1.3942580687138213,0.16138780996741298,0.11575174896874751,604.14539088292,1024,False
11,0.2723182225034134,1.3885988404110274,5.0991770864457,0,0.28711099925465106,1.3875045249376772,4.8326414820041075,0,1.4687629479374855,0.16973017818600059,0.1155599536496646,603.9844982765268,1024,False
12,0.27468155623932256,1.3893729075210848,5.058122309131531,0,0.28695692527362565,1.3875147758305013,4.835271964624819,0,1.407785993050408,0.16359910507620082,0.11621020942374365,604.8199283371252,1024,False
13,0.2730594185600981,1.3895609211154318,5.088859151765905,0,0.28734313531070416,1.3883283492366145,4.8316043734102605,0,1.4574396139842174,0.16902828373339346,0.11597618324049744,604.7083055954818,1024,False
14,0.2746260969302403,1.3901883368020247,5.0621130050694205,0,0.28724264243392666,1.388430777043053,4.833651317500425,0,1.4168468193698707,0.1650271507331208,0.11647494173471419,605.3054273201802,1024,False
15,0.27355771562328063,1.3902375771104774,5.082063117623737,0,0.28750060224190155,1.3889090017859747,4.830977712587028,0,1.4497590930978852,0.16854781528476806,0.1162591882245832,605.2202640514624,1024,False
16,0.2745894927469178,1.3906800868862708,5.06457866604541,0,0.2874367416080718,1.388999285492554,4.832365123963498,0,1.422941858152596,0.1659331172311273,0.11661271771606894,605.6156606474777,1024,False
17,0.2738815424050793,1.3906664556689083,5.077620212946186,0,0.2876002698199865,1.389272705951344,4.830568159135982,0,1.4446004002018893,0.16820802713295427,0.11643913923147636,605.5459822135657,1024,False
18,0.27455390364621624,1.390954822428464,5.066235824571688,0,0.2875567863938214,1.3893281311253578,4.831491367491544,0,1.427008002047704,0.16649878928862044,0.11667684347228663,605.796103871023,1024,False
19,0.2740849694274717,1.3909191737118538,5.074773624461441,0,0.2876579776966783,1.3894817587708932,4.830325826165808,0,1.4411803097189166,0.16796650546701963,0.11654787699658435,605.739200350512,1024,False
20,0.2745198574445528,1.3910995363711405,5.067391296646411,0,0.28762684520898213,1.3895093339948978,4.830944528092699,0,1.4296953102359213,0.16684972563182712,0.11670299569234398,605.8938214579481,1024,False
21,0.27421007752759574,1.39106157209888,5.072977567569111,0,0.2876889029067957,1.3895951825391641,4.8302008471607945,0,1.4389355395861936,0.16779669045678255,0.11661167984289082,605.8490672544173,1024,False
22,0.2744903513547781,1.391172407502972,5.068201489184169,0,0.28766639193417176,1.3896062746929652,4.83061738755689,0,1.4314594946654138,0.16706772312004675,0.11671145690300988,605.9438549224118,1024,False
23,0.2742863585569705,1.3911398953912812,5.071852288645027,0,0.2877044389328276,1.3896544205248036,4.830145915299055,0,1.4374714213523645,0.16767914161929653,0.1166486784561915,605.9101151290346,1024,False
24,0.27446680252191663,1.3912077131685407,5.068764966784828,0,0.28768834917958563,1.3896572976665615,4.830426055241766,0,1.4326128354122125,0.16720383657961124,0.11671250769682019,605.9682327161024,1024,False
25,0.27433286753108527,1.391182531614336,5.071147850910347,0,0.2877117769783046,1.3896845526557609,4.830127453422084,0,1.4365197646368142,0.16759895383504106,0.11667013427929689,605.9436958507052,1024,False
26,0.2744490783556228,1.391224141660545,5.069152172039138,0,0.2877004760190528,1.3896839452303473,4.830315070936193,0,1.4333649235454575,0.16728935481408758,0.11671093108675629,605.9794949071548,1024,False
27,0.2743613608069061,1.3912057110908442,5.070705681730331,0,0.2877149947749947,1.389699569793981,4.830125627900571,0,1.4359022488005844,0.16754490104466402,0.11668266498267207,605.9621434428517,1024,False
28,0.27443627169312956,1.3912313952347284,5.069415156573698,0,0.2877071888854338,1.3896978319303321,4.830250635425434,0,1.4338545855248213,0.16734340781160242,0.11670877193613827,605.9843397762841,1024,False
29,0.2743789396866263,1.3912183736181836,5.070426962095276,0,0.28771624935622647,1.3897069168316438,4.830130101936035,0,1.435501840012282,0.16750879954506792,0.1166900625802296,605.972326082686,1024,False
30,0.27442727950671136,1.3912343411277066,5.0695920013071545,0,0.28771093258248853,1.3897050810157003,4.830212979888288,0,1.4341730687178278,0.16737775238210578,0.11670680201221739,605.986185152504,1024,False
31,0.2743898677836391,1.3912253541205848,5.07025046281078,0,0.28771662465259207,1.3897104409322223,4.830136050046638,0,1.435242264984826,0.1674848554682865,0.11669448395881599,605.9779977300589,1024,False
32,0.27442109319048924,1.391235351906043,5.069709969198023,0,0.2877130433888819,1.3897088831931528,4.830190758208967,0,1.4343800766347659,0.16739967028089417,0.11670523943251822,605.9867090288801,1024,False
33,0.2743967112388749,1.3912292492226492,5.070138205889504,0,0.2877166407927776,1.3897120905495575,4.83014151256712,0,1.4350739872936042,0.16746905821202202,0.11669715965505773,605.9811949678641,1024,False
34,0.2744168995765244,1.3912355501298355,5.069788166387592,0,0.28771424935188045,1.389710892239317,4.830177495100954,0,1.4345145664249879,0.1674137077646804,0.11670408351579092,605.9867032612595,1024,False
35,0.274401025085663,1.391231453712057,5.070066532286969,0,0.28771653466683905,1.3897128370303333,4.830145888694055,0,1.434964884688904,0.16745867727701505,0.11669879804293579,605.9830225970218,1024,False
36,0.2744140873844251,1.3912354473477155,5.069839746961467,0,0.28771494838500616,1.389711964261027,4.830169485672263,0,1.4346019142826079,0.1674227239287278,0.11670326259982011,605.9865234064763,1024,False
37,0.2744037598466261,1.3912327206867623,5.070020620214428,0,0.2877164064501026,1.3897131576112758,4.8301491554055245,0,1.4348941389819758,0.16745187612591259,0.1166998119071807,605.9840830225014,1024,False
38,0.2744122166274952,1.391235264065756,5.069873641793099,0,0.2877153596315378,1.3897125432083641,4.830164593882291,0,1.434658631457815,0.16742852808887854,0.11670269457672144,605.9863174702557,1024,False
39,0.27440550181369716,1.3912334604008059,5.069991130663843,0,0.28771629319994635,1.3897132831331762,4.830151492906261,0,1.434848259359699,0.16744743048115868,0.11670044507415864,605.9847076629997,1024,False
40,0.27441097958668964,1.3912350865613152,5.069895849855409,0,0.2877156050992591,1.3897128602739344,4.830161574984773,0,1.4346954530754328,0.16743227119292042,0.11670230837771899,605.98613881578,1024,False
41,0.27440661573877795,1.3912338989827249,5.069972147854895,0,0.28771620455844027,1.389713323156503,4.830153120118153,0,1.4348185024628115,0.16744452959239153,0.11670084355964142,605.9850810157969,1024,False
42,0.27441016527846046,1.391234942018621,5.069910367959042,0,0.28771575361643287,1.3897130366415338,4.83015969467638,0,1.434719355160263,0.16743468849175727,0.1167020490032033,605.9860002426313,1024,False
43,0.27440733030418285,1.3912341628165832,5.069959906954338,0,0.28771613942153534,1.3897133283739511,4.8301542317647685,0,1.4347992007652148,0.16744263920336475,0.1167010959540982,605.9853072200498,1024,False
44,0.27440963107201743,1.3912348335354776,5.069919842464841,0,0.28771584458372595,1.3897131363902322,4.83015851421357,0,1.434734869271284,0.16743625128071402,0.1167018763304725,605.9858989627777,1024,False
45,0.2744077898426416,1.391234323630998,5.069952002560852,0,0.28771609333465376,1.3897133213822541,4.830154981166885,0,1.434786679857988,0.1674414085617641,0.11670125664836606,605.9854459516902,1024,False
46,0.27440928152786265,1.3912347558029432,5.069926017286269,0,0.2877159009042053,1.3897131937759912,4.83015776816136,0,1.4347449382681132,0.1674372624780523,0.1167017621126209,605.9858275555239,1024,False
47,0.27440808596225374,1.3912344227945688,5.0699468928402505,0,0.2877160615176099,1.3897133116643665,4.83015548153299,0,1.434778557130874,0.16744060803441133,0.11670135938555022,605.9855319457164,1024,False
48,0.27440905326430526,1.3912347017017208,5.069930037482078,0,0.2877159360960223,1.3897132273510528,4.830157294058435,0,1.4347514729013071,0.16743791719579193,0.11670168691808658,605.9857783775086,1024,False
49,0.2744082770761551,1.3912344845529478,5.069943586894231,0,0.28771603991678185,1.3897133027750188,4.8301558132698315,0,1.4347732874030676,0.16744008760223053,0.11670142528600894,605.9855857343289,1024,False
50,0.27440890442543203,1.3912346647713945,5.069932652821217,0,0.2877159582554236,1.3897132473125273,4.83015699142691,0,1.4347557136019164,0.167438341317245,0.11670163758880978,605.9857450478338,1024,False
51,0.27440840057086635,1.3912345233376042,5.06994144655683,0,0.2877160254237627,1.3897132957198999,4.83015603205647,0,1.4347698684723618,0.1674397494159741,0.11670146766760003,605.9856196332729,1024,False
52,0.2744088074869675,1.3912346398993094,5.069934353201776,0,0.28771597229709744,1.3897132593565529,4.830156797557021,0,1.4347584655468268,0.16743861616622518,0.11670160531334423,605.9857227134962,1024,False
53,0.2744084804470543,1.3912345478623278,5.069940060146061,0,0.28771601578198247,1.3897132905014167,4.8301561757843725,0,1.4347676502520976,0.16743952973229148,0.11670149497925417,605.9856411295187,1024,False
54,0.27440874440666996,1.3912346233082151,5.069935458202544,0,0.2877159812404651,1.389713266719612,4.830156673007774,0,1.434760251338947,0.16743879433309458,0.1167015842380895,605.9857078689269,1024,False
55,0.27440853214892175,1.3912345634565597,5.069939161736908,0,0.28771600940736036,1.389713286796672,4.830156269924688,0,1.43476621102771,0.16743938706481246,0.11670151260732378,605.9856548289456,1024,False
56,0.27440870338634465,1.3912346123178334,5.069936176036992,0,0.28771598695998785,1.389713271272558,4.830156592813256,0,1.4347614101527617,0.16743890985351034,0.1167015704971343,605.9856980613197,1024,False
57,0.27440856563330757,1.3912345734165195,5.0699385793795795,0,0.28771600521216967,1.389713284234385,4.830156331447645,0,1.4347652772152844,0.16743929443207384,0.11670152399914109,605.9856635942899,1024,False
58,0.2744086767250673,1.3912346050747328,5.069936642231704,0,0.28771599062964537,1.3897132741151548,4.830156541087164,0,1.4347621621045108,0.1674389847681057,0.11670156154836563,605.9856916102312,1024,False
59,0.2744085873287751,1.3912345798003962,5.069938201800976,0,0.2877160024607557,1.3897132824931069,4.83015637158612,0,1.4347646713216247,0.16743923429573265,0.11670153136785633,605.9856692202969,1024,False
