iter,phase,t_cum_s,loss_total,loss_xmom,loss_ymom,loss_cont,loss_bc,w_xmom,w_ymom,w_cont,w_bc,lr_or_mu,grad_norm,eps_u,eps_v,eps_p,eps_p_meanfree,accepted,n_evals
1,lm,1.249,0.8806286855485778,0.6332276315702645,0.06893366595056999,0.05757268882664993,0.12089469920109332,1.0,1.0,1.0,1.0,0.025,5.143280599996733,0.09397333143315546,0.404667530193403,1.3139756652216479,0.8652378805324726,1,5
2,lm,2.157,0.7558853837023376,0.5054786279208197,0.1445545062004924,0.059477573284031054,0.04637467629699449,1.0,1.0,1.0,1.0,0.025,3.936810405677728,0.07383182908392964,0.25878674588259176,1.3482128591101763,0.6986655716134743,1,7
3,lm,2.905,0.4293476116414187,0.273602132421677,0.10119637153157293,0.02793667887534656,0.026612428812822237,1.0,1.0,1.0,1.0,0.005000000000000001,4.249877683473778,0.03890754776222557,0.12249743415022588,0.8764994644702379,0.45583539164307735,1,8
4,lm,3.654,0.10682857439847503,0.0614329374991069,0.03070053601570511,0.00580736468612302,0.00888773619753997,1.0,1.0,1.0,1.0,0.0010000000000000002,2.761363951142943,0.0213837814600254,0.07328882711372349,0.44659699423526117,0.17163179977702028,1,9
5,lm,4.403,0.019472667009878486,0.010782576102442803,0.006871497024091932,0.0018135439917777386,5.0498915660103065e-06,1.0,1.0,1.0,1.0,0.00020000000000000006,1.2960073487710992,0.012004139355351643,0.05717434027841148,0.28076856291740404,0.0777163589070945,1,10
6,lm,5.153,0.0028298495890166295,0.0014008361873038989,0.0008671688165115036,0.000371354699455737,0.00019048988574549058,1.0,1.0,1.0,1.0,4.000000000000002e-05,0.5233804238878376,0.007579268344534429,0.04145257509474369,0.18237527744310023,0.039042371702537514,1,11
7,lm,5.903,0.0007152485109915485,0.0003602316285922289,0.00023552775628221328,9.639330785005305e-05,2.3095818267053208e-05,1.0,1.0,1.0,1.0,8.000000000000003e-06,0.17319005957584196,0.004148151869430716,0.022751309776936353,0.11591179580458016,0.023906529296148026,1,12
8,lm,6.652,0.00012606794115025874,6.686312210219409e-05,3.6747991604693036e-05,1.354367904079931e-05,8.913148402572285e-06,1.0,1.0,1.0,1.0,1.6000000000000008e-06,0.11697332100333947,0.0030435886486352196,0.016875873509427583,0.08197262822119912,0.01683936633508166,1,13
9,lm,7.403,4.342092677645611e-05,2.1032351032493496e-05,1.515174581441057e-05,6.321341671673623e-06,9.154882578784211e-07,1.0,1.0,1.0,1.0,3.2000000000000017e-07,0.04886647570281584,0.0023853342605462107,0.013406723399417302,0.07039864717341514,0.011968430392572648,1,14
10,lm,8.152,1.8069265679066698e-05,9.022798245376836e-06,5.4026240600745425e-06,1.894369962986967e-06,1.7494734106283539e-06,1.0,1.0,1.0,1.0,6.400000000000003e-08,0.026386255670900527,0.002030050056774036,0.011706617005255113,0.06524697229313703,0.010412211344530216,1,15
11,lm,8.901,5.9890345640255924e-06,3.0718611416870633e-06,1.6442638395955494e-06,6.641143328586984e-07,6.08795249884281e-07,1.0,1.0,1.0,1.0,1.2800000000000007e-08,0.023307893860949887,0.0018497233614744126,0.011050921334590312,0.0553009623902373,0.00898492811892969,1,16
12,lm,9.650,1.0077698551212726e-06,5.132425495442846e-07,3.369889247493484e-07,1.2632411504548544e-07,3.121426578215402e-08,1.0,1.0,1.0,1.0,2.5600000000000015e-09,0.01259887720748586,0.0017196696025604554,0.010270849631796296,0.05202203494906203,0.008134680861480208,1,17
13,lm,10.399,2.257105799322841e-07,1.1187243728712094e-07,7.78429415190609e-08,2.1829836208774843e-08,1.4165364917327406e-08,1.0,1.0,1.0,1.0,5.120000000000003e-10,0.004269720964346089,0.0016517508712390017,0.009906278819501374,0.0521060190909574,0.007935281269913469,1,18
14,lm,11.149,2.5202543360361304e-08,1.2873558589716029e-08,7.547360052798088e-09,3.2563130830345406e-09,1.5253116348126445e-09,1.0,1.0,1.0,1.0,1.0240000000000007e-10,0.0020054268948296984,0.0016388089588369704,0.009854183529466513,0.05148087951328756,0.007855711480527869,1,19
15,lm,11.898,2.8268544135037104e-09,1.4082289763915621e-09,1.1127951434926427e-09,2.1465650770505612e-10,9.117378591444964e-11,1.0,1.0,1.0,1.0,2.0480000000000016e-11,0.0006916611862502086,0.0016317400829776103,0.009804816564977194,0.050816823578467014,0.007807284009078485,1,20
16,lm,12.647,1.94592297533941e-09,8.703316654343613e-10,8.5030949288793e-10,1.7987686863221105e-10,4.540494838490804e-11,1.0,1.0,1.0,1.0,4.0960000000000035e-12,0.00023675365392081444,0.0016261650948477496,0.009772083193394796,0.050738893937431966,0.0077706467472772435,1,21
17,lm,13.396,1.1003514219283796e-09,4.410870489516178e-10,5.48007876566174e-10,9.545819726627863e-11,1.5798299144309212e-11,1.0,1.0,1.0,1.0,8.192000000000008e-13,0.00016583851573356663,0.0016250270639749616,0.00977222533272849,0.05093143051934324,0.007753195710070952,1,22
18,lm,14.145,5.644673417489064e-12,2.227284926853769e-12,2.9039461710334696e-12,4.613784661113997e-13,5.206385349042627e-14,1.0,1.0,1.0,1.0,1.6384000000000016e-13,0.00011176749601406394,0.0016252684420623202,0.009776710229186277,0.050992501300985545,0.007748151889647134,1,23
19,lm,14.895,6.24515261976036e-17,2.5639826076156358e-17,3.1465005955644734e-17,5.0067530109586254e-18,3.399411548438824e-19,1.0,1.0,1.0,1.0,3.2768000000000034e-14,7.555312392460764e-06,0.0016252923629330592,0.009777040859543555,0.05099693016713816,0.007747960088892942,1,24
20,lm,15.779,9.078557928728883e-25,3.642285633873343e-25,4.617549264876862e-25,7.433352910521983e-26,7.538773892647887e-27,1.0,1.0,1.0,1.0,3.2768000000000034e-14,2.458146872496305e-08,0.0016252926309028002,0.009777043857155035,0.050996983117554795,0.00774795937441702,1,25
21,lm,16.663,6.907201408518033e-31,2.9629558361578455e-31,1.6328633111020206e-31,2.3113822612581675e-31,0.0,1.0,1.0,1.0,1.0,3.2768000000000034e-14,2.9449462688741017e-12,0.0016252926338309079,0.009777043888237913,0.050996983612709164,0.0077479593689352,1,26
22,lm,17.546,5.246069476241738e-31,2.672675340069284e-31,1.6347539370633117e-31,6.921211662275764e-32,2.465190328815662e-32,1.0,1.0,1.0,1.0,3.2768000000000034e-14,8.229408028137512e-16,0.001625292633866445,0.009777043888602586,0.05099698361820094,0.007747959368902417,1,27
23,lm,19.685,5.048831675329712e-31,2.780548813743953e-31,1.5405336257943644e-31,6.661194775710034e-32,6.162975822039155e-33,1.0,1.0,1.0,1.0,1.2800000000000009e-08,1.3996586438818784e-15,0.0016252926338667943,0.009777043888604562,0.050996983618190175,0.007747959368903768,1,36
24,lm,20.905,4.976473385520882e-31,2.797942852534612e-31,1.4660731527414452e-31,7.124573802448247e-32,0.0,1.0,1.0,1.0,1.0,3.2000000000000027e-07,1.0286479123664266e-15,0.0016252926338667171,0.009777043888604309,0.05099698361818505,0.007747959368903479,1,40
25,lm,21.969,4.9465301644889685e-31,2.6674742633987104e-31,1.5534244171133942e-31,6.640017257564716e-32,6.162975822039155e-33,1.0,1.0,1.0,1.0,1.6000000000000014e-06,7.1169202397441265e-16,0.0016252926338666549,0.009777043888604045,0.05099698361818595,0.007747959368903199,1,43
26,lm,22.876,4.902815566732538e-31,2.5691248977444635e-31,1.459507594820396e-31,6.276640412861126e-32,2.465190328815662e-32,1.0,1.0,1.0,1.0,1.6000000000000014e-06,8.24702649811316e-16,0.0016252926338666562,0.009777043888603992,0.05099698361818413,0.00774795936890327,1,45
27,lm,23.782,4.749943523923308e-31,2.6511495114279723e-31,1.4739260834162973e-31,6.248679290790376e-32,0.0,1.0,1.0,1.0,1.0,1.6000000000000014e-06,1.3216344123962259e-15,0.001625292633866648,0.00977704388860398,0.05099698361818006,0.0077479593689031056,1,47
28,lm,24.845,4.721258293429902e-31,2.5550841057891456e-31,1.4498972312840076e-31,6.546471981363566e-32,6.162975822039155e-33,1.0,1.0,1.0,1.0,8.000000000000006e-06,6.927329707419375e-16,0.0016252926338666694,0.009777043888604097,0.05099698361818252,0.007747959368903166,1,50
29,lm,25.910,4.517310619764704e-31,2.5137656697878267e-31,1.4294696032946107e-31,5.740753466822666e-32,0.0,1.0,1.0,1.0,1.0,4.000000000000003e-05,8.993197528583525e-16,0.0016252926338666523,0.009777043888604089,0.05099698361818218,0.007747959368903126,1,53
30,lm,26.819,4.506325670252306e-31,2.4847736178067967e-31,1.4364999169457728e-31,5.850521354997367e-32,0.0,1.0,1.0,1.0,1.0,4.000000000000003e-05,8.593719390629016e-16,0.0016252926338666427,0.00977704388860405,0.050996983618182654,0.007747959368903126,1,55
31,lm,27.569,4.473261760598205e-31,2.4843339081287607e-31,1.394381256151081e-31,5.945465963183622e-32,0.0,1.0,1.0,1.0,1.0,8.000000000000006e-06,9.697200543912758e-16,0.00162529263386665,0.00977704388860409,0.050996983618181724,0.007747959368903128,1,56
32,lm,28.789,4.005131207068417e-31,2.1437157342022533e-31,1.2702825144935785e-31,5.911329583725855e-32,0.0,1.0,1.0,1.0,1.0,0.00020000000000000015,7.810124615018906e-16,0.0016252926338666453,0.009777043888604026,0.050996983618181786,0.0077479593689030605,1,60
33,lm,29.855,3.994879975295099e-31,2.1540239316023697e-31,1.260219004319173e-31,5.806370393735566e-32,0.0,1.0,1.0,1.0,1.0,0.0010000000000000007,7.127855538761577e-16,0.0016252926338666534,0.00977704388860409,0.05099698361818172,0.007747959368903102,1,63
34,lm,30.919,3.740196883703409e-31,2.0958992731342584e-31,1.040634245409455e-31,5.420336069393041e-32,6.162975822039155e-33,1.0,1.0,1.0,1.0,0.0050000000000000044,7.754787843156917e-16,0.0016252926338666534,0.009777043888604071,0.0509969836181818,0.0077479593689031186,1,66
35,lm,31.983,3.3632121161003025e-31,1.760617281909283e-31,1.014404511985746e-31,5.265605639848823e-32,6.162975822039155e-33,1.0,1.0,1.0,1.0,0.025000000000000022,8.364654767147301e-16,0.001625292633866658,0.00977704388860409,0.050996983618181606,0.007747959368903174,1,69
36,lm,32.876,3.3083658979561395e-31,1.734884144664371e-31,1.0187872540500405e-31,4.930647410213366e-32,6.162975822039155e-33,1.0,1.0,1.0,1.0,0.025000000000000022,8.642792092926813e-16,0.001625292633866653,0.009777043888604061,0.0509969836181819,0.007747959368903128,1,71
37,lm,33.766,3.087004441374279e-31,1.6108323931088529e-31,9.418870819149912e-32,4.7265520813004356e-32,6.162975822039155e-33,1.0,1.0,1.0,1.0,0.025000000000000022,7.592299398232299e-16,0.0016252926338666588,0.009777043888604087,0.05099698361818228,0.007747959368903142,1,73
38,lm,34.806,2.9493307467360185e-31,1.5183075533562387e-31,8.876426932583599e-32,4.8175074190102825e-32,6.162975822039155e-33,1.0,1.0,1.0,1.0,0.1250000000000001,7.179015405630103e-16,0.00162529263386666,0.009777043888604101,0.05099698361818206,0.007747959368903135,1,76
39,lm,35.847,2.905542079252443e-31,1.5481496390684243e-31,8.618860901909393e-32,4.3387659177268784e-32,6.162975822039155e-33,1.0,1.0,1.0,1.0,0.6250000000000006,7.291119970952997e-16,0.0016252926338666588,0.009777043888604101,0.05099698361818216,0.00774795936890312,1,79
40,lm,36.590,2.8494479413548583e-31,1.565906829500228e-31,8.110723126783445e-32,4.1083904095589405e-32,6.162975822039155e-33,1.0,1.0,1.0,1.0,0.1250000000000001,6.924427518421026e-16,0.0016252926338666573,0.009777043888604111,0.050996983618182126,0.007747959368903143,1,80
41,lm,37.630,2.6485626939307653e-31,1.45042654259741e-31,7.761521111395748e-32,4.2198404019378034e-32,0.0,1.0,1.0,1.0,1.0,0.6250000000000006,6.484108577105565e-16,0.0016252926338666586,0.009777043888604108,0.05099698361818201,0.007747959368903169,1,83
42,lm,38.970,2.6432872605320823e-31,1.4485887044641597e-31,7.713206842622031e-32,4.233778718057198e-32,0.0,1.0,1.0,1.0,1.0,78.12500000000007,6.013024429141861e-16,0.0016252926338666583,0.009777043888604108,0.05099698361818201,0.007747959368903169,1,88
43,lm,42.704,2.6432872605320823e-31,1.4485887044641597e-31,7.713206842622031e-32,4.233778718057198e-32,0.0,1.0,1.0,1.0,1.0,3.725290298461918e+16,6.265112801741957e-16,0.0016252926338666583,0.009777043888604108,0.05099698361818201,0.007747959368903169,0,109
