k,rho_r,Y_residual_collocation,Y_residual_best
0,1.0000000008514902,3.6954169103804734e-08,3.695416907233862e-08
1,1.0000000000065112,0.06840372107112502,0.06840372107067963
2,1.000000000012479,0.09249867593281906,0.09249867593166478
3,1.000000000012041,0.09290277537814504,0.09290277537702639
4,1.0000000000121083,0.09290563369480354,0.0929056336936786
5,1.0000000000121028,0.09290565740008726,0.09290565739896285
6,1.0000000000121032,0.09290565759426049,0.09290565759313603
7,1.0000000000121032,0.09290565759584636,0.09290565759472191
8,1.0000000000121032,0.09290565759585986,0.0929056575947354
9,1.0000000000121032,0.09290565759585995,0.09290565759473549
10,1.000000000012103,0.09290565759585995,0.09290565759473551
11,1.0000000000121032,0.09290565759585993,0.09290565759473549
12,1.000000000012103,0.09290565759585992,0.09290565759473549
13,1.0000000000121032,0.09290565759585995,0.0929056575947355
14,1.0000000000121032,0.09290565759585995,0.09290565759473549
15,1.000000000012103,0.09290565759585992,0.09290565759473549
16,1.000000000012103,0.09290565759585992,0.09290565759473549
17,1.000000000012103,0.09290565759585992,0.09290565759473549
18,1.000000000012103,0.09290565759585992,0.09290565759473549
19,1.0000000000121032,0.09290565759585993,0.09290565759473549
20,1.000000000012103,0.09290565759585992,0.09290565759473549
21,1.0000000000121032,0.09290565759585993,0.09290565759473549
22,1.0000000000121032,0.09290565759585995,0.0929056575947355
23,1.000000000012103,0.09290565759585992,0.09290565759473549
24,1.000000000012103,0.09290565759585992,0.09290565759473549
25,1.000000000012103,0.09290565759585993,0.0929056575947355
26,1.0000000000121032,0.09290565759585995,0.0929056575947355
27,1.000000000012103,0.09290565759585993,0.0929056575947355
28,1.000000000012103,0.09290565759585992,0.09290565759473549
29,1.000000000012103,0.09290565759585993,0.0929056575947355
30,1.0000000000121032,0.09290565759585995,0.0929056575947355
31,1.0000000000121034,0.09290565759585995,0.09290565759473547
32,1.0000000000121028,0.0929056575958599,0.09290565759473549
33,1.0000000000121032,0.09290565759585995,0.0929056575947355
34,1.000000000012103,0.09290565759585992,0.09290565759473549
35,1.0000000000121032,0.09290565759585995,0.0929056575947355
36,1.0000000000121028,0.09290565759585992,0.0929056575947355
37,1.000000000012103,0.09290565759585992,0.09290565759473549
38,1.0000000000121028,0.0929056575958599,0.09290565759473549
39,1.0000000000121032,0.09290565759585993,0.09290565759473549
40,1.0000000000121032,0.09290565759585995,0.09290565759473549
41,1.0000000000121028,0.09290565759585992,0.0929056575947355
42,1.0000000000121032,0.09290565759585992,0.09290565759473547
43,1.0000000000121032,0.09290565759585993,0.09290565759473549
44,1.0000000000121032,0.09290565759585995,0.09290565759473549
45,1.0000000000121032,0.09290565759585995,0.09290565759473549
46,1.0000000000121032,0.09290565759585995,0.0929056575947355
47,1.0000000000121028,0.09290565759585992,0.0929056575947355
48,1.0000000000121032,0.09290565759585993,0.09290565759473549
49,1.000000000012103,0.09290565759585992,0.09290565759473549
50,1.0000000000121028,0.0929056575958599,0.0929056575947355
51,1.0000000000121032,0.09290565759585995,0.0929056575947355
52,1.000000000012103,0.09290565759585993,0.0929056575947355
53,1.000000000012103,0.09290565759585993,0.0929056575947355
54,1.0000000000121028,0.0929056575958599,0.0929056575947355
55,1.0000000000121032,0.09290565759585993,0.09290565759473549
56,1.0000000000121028,0.09290565759585992,0.0929056575947355
57,1.000000000012103,0.09290565759585995,0.09290565759473551
58,1.000000000012103,0.09290565759585992,0.09290565759473549
59,1.0000000000121032,0.09290565759585995,0.09290565759473549
